observation_id,observer_id,taxon_id,license,latitude_public,longitude_public,latitude_private,longitude_private,coordinate_precision,coordinate_precision_public,observed_on,observed_on_string,created_at,quality_grade,url,description,id_agreements,id_disagreements,captive_cultivated,place_guess_public,place_guess_private,obscured,in_project
362665674,5835350,4334,cc-by-nc,-121.9711383333,42.3820133333,,,16.0,16.0,2026-05-17,2026-05-17 19:53:16,2026-05-17T23:56:28-07:00,research,https://www.inaturalist.org/observations/362665674,,1,0,False,"Eagle Ridge Rd, Klamath Falls, OR, US",,False,False
362656886,5874769,4509,cc-by-nc,-123.967445,45.8855213883,,,,,2026-05-17,2026/05/17 08:35,2026-05-17T22:57:21-07:00,research,https://www.inaturalist.org/observations/362656886,,3,0,False,"Толована Парк, Кэннон Бич, Орегон, США",,False,False
362640139,894947,4547,cc-by-nc,-124.0741805,44.6761866667,,,9.0,9.0,2026-05-06,2026-05-06 08:12:14-07:00,2026-05-17T21:14:34-07:00,research,https://www.inaturalist.org/observations/362640139,,1,0,False,"Yaquina Head Outstanding Natural Area, Newport, OR, US",,False,False
362619373,6394851,4334,cc-by-nc,-122.8370450903,45.7362737363,,,15.0,15.0,2026-05-17,2026/05/17 ,2026-05-17T19:32:27-07:00,research,https://www.inaturalist.org/observations/362619373,,3,0,False,"Columbia County, OR, USA",,False,False
362584372,5711009,7111,cc-by-nc,-124.3981556857,43.3029387435,,,55.0,55.0,2026-05-17,2026/05/17 9:52 AM,2026-05-17T17:08:41-07:00,research,https://www.inaturalist.org/observations/362584372,,1,0,False,"Coos County, OR, USA",,False,False
362457204,2604239,7004,,-121.0669533897,45.2325642155,,,36.0,36.0,2026-05-15,2026-05-15 21:44:27-08:00,2026-05-17T10:57:41-07:00,research,https://www.inaturalist.org/observations/362457204,,1,0,False,"BLM Access Rd, Tygh Valley, OR, US",,False,False
362211433,1289543,4334,cc-by-nc-nd,-123.2737673567,44.0636403967,,,,,2026-05-14,2026/05/14 10:44 AM,2026-05-16T18:33:03-07:00,research,https://www.inaturalist.org/observations/362211433,,1,0,False,"Lane County, OR, USA",,False,False
362209119,2295838,6915,cc-by-nc,-121.4462592492,43.8849628581,,,67.0,67.0,2026-05-16,2026-05-16 17:13:11,2026-05-16T18:23:46-07:00,research,https://www.inaturalist.org/observations/362209119,,1,0,False,"River Rd, Bend, OR, US",,False,False
362169207,1668593,7111,cc-by-nc,-122.3140303546,43.638329335,,,,27443.0,2026-05-11,2026/05/11 1:08 PM,2026-05-16T15:43:49-07:00,research,https://www.inaturalist.org/observations/362169207,,1,0,False,"Lane County, US-OR, US",,True,False
361932367,586635,6993,cc-by-nc,-124.0436547279,44.6237728945,,,31.0,31.0,2023-04-13,2023/04/13 5:12 PM,2026-05-16T01:23:46-07:00,research,https://www.inaturalist.org/observations/361932367,,1,0,False,"Newport, OR, USA",,False,False
361932364,586635,4209,cc-by-nc,-124.0418234451,44.6233939433,,,31.0,31.0,2023-04-13,2023/04/13 5:10 PM,2026-05-16T01:23:45-07:00,research,https://www.inaturalist.org/observations/361932364,,1,0,False,"Newport, OR, USA",,False,False
361801109,6750200,4334,cc-by-nc,-120.7160987833,44.1257164381,,,688.0,688.0,2026-05-09,2026-05-09 19:01:32,2026-05-15T13:49:12-07:00,research,https://www.inaturalist.org/observations/361801109,,1,0,False,"Prineville, OR, US",,False,False
361626570,7681309,7111,cc-by-nc,-123.966225,45.8835033333,,,3.0,3.0,2026-04-25,2026-04-25 11:51:08,2026-05-14T23:49:27-07:00,research,https://www.inaturalist.org/observations/361626570,,1,0,False,"OR, US",,False,False
361614504,3064171,4509,cc-by-nc,-123.9680799858,45.8843199664,,,31.0,31.0,2026-05-14,2026/05/14 5:16 AM,2026-05-14T21:57:57-07:00,research,https://www.inaturalist.org/observations/361614504,Birdathon 2026!,1,0,False,"Tolovana Park, Cannon Beach, OR, USA",,False,False
361614495,3064171,4509,cc-by-nc,-123.9680799858,45.8843199664,,,31.0,31.0,2026-05-14,2026/05/14 5:16 AM,2026-05-14T21:57:54-07:00,research,https://www.inaturalist.org/observations/361614495,Birdathon 2026!,1,0,False,"Tolovana Park, Cannon Beach, OR, USA",,False,False
361614494,3064171,4509,cc-by-nc,-123.9680799858,45.8843199664,,,31.0,31.0,2026-05-14,2026/05/14 5:16 AM,2026-05-14T21:57:54-07:00,research,https://www.inaturalist.org/observations/361614494,"Flying with another who has their own observation, mate maybe? Birdathon 2026!",1,0,False,"Tolovana Park, Cannon Beach, OR, USA",,False,False
361614493,3064171,4509,cc-by-nc,-123.9680799858,45.8843199664,,,31.0,31.0,2026-05-14,2026/05/14 5:16 AM,2026-05-14T21:57:54-07:00,research,https://www.inaturalist.org/observations/361614493,"Flying with another who has their own observation, mate maybe? Birdathon 2026!",1,0,False,"Tolovana Park, Cannon Beach, OR, USA",,False,False
361614490,3064171,7111,cc-by-nc,-123.9680799858,45.8843199664,,,31.0,31.0,2026-05-14,2026/05/14 5:16 AM,2026-05-14T21:57:53-07:00,research,https://www.inaturalist.org/observations/361614490,Birdathon 2026!,1,0,False,"Tolovana Park, Cannon Beach, OR, USA",,False,False
361614489,3064171,7111,cc-by-nc,-123.9680799858,45.8843199664,,,31.0,31.0,2026-05-14,2026/05/14 5:16 AM,2026-05-14T21:57:53-07:00,research,https://www.inaturalist.org/observations/361614489,Birdathon 2026!,1,0,False,"Tolovana Park, Cannon Beach, OR, USA",,False,False
361614488,3064171,7111,cc-by-nc,-123.9680799858,45.8843199664,,,31.0,31.0,2026-05-14,2026/05/14 5:16 AM,2026-05-14T21:57:53-07:00,research,https://www.inaturalist.org/observations/361614488,Birdathon 2026!,1,0,False,"Tolovana Park, Cannon Beach, OR, USA",,False,False
361614484,3064171,4509,cc-by-nc,-123.9680799858,45.8843199664,,,31.0,31.0,2026-05-14,2026/05/14 5:16 AM,2026-05-14T21:57:52-07:00,research,https://www.inaturalist.org/observations/361614484,First puffins in a long time. Birdathon 2026!,1,0,False,"Tolovana Park, Cannon Beach, OR, USA",,False,False
361614477,3064171,4334,cc-by-nc,-123.9858435382,46.206855421,,,122.0,122.0,2026-05-14,2026/05/14 5:16 AM,2026-05-14T21:57:50-07:00,research,https://www.inaturalist.org/observations/361614477,Birdathon 2026!,1,0,False,"Clatsop County, OR, USA",,False,False
361614473,3064171,4334,cc-by-nc,-123.9858435382,46.206855421,,,122.0,122.0,2026-05-14,2026/05/14 5:16 AM,2026-05-14T21:57:48-07:00,research,https://www.inaturalist.org/observations/361614473,Birdathon 2026!,1,0,False,"Clatsop County, OR, USA",,False,False
361614470,3064171,4334,cc-by-nc,-123.9858435382,46.206855421,,,122.0,122.0,2026-05-14,2026/05/14 5:16 AM,2026-05-14T21:57:47-07:00,research,https://www.inaturalist.org/observations/361614470,Birdathon 2026!,1,0,False,"Clatsop County, OR, USA",,False,False
361614426,3064171,4334,cc-by-nc,-123.689127,46.1696071,,,197.0,197.0,2026-05-14,2026/05/14 5:16 AM,2026-05-14T21:57:38-07:00,research,https://www.inaturalist.org/observations/361614426,Birdathon 2026!,1,0,False,"Twilight Eagle Sanctuary, 39450-39658 Burnside Loop, Astoria, OR 97103, USA",,False,False
361605838,297709,4334,cc-by-nc,-120.27961,44.6616333333,,,,,2026-05-11,2026-05-11 12:22:31-08:00,2026-05-14T20:56:00-07:00,research,https://www.inaturalist.org/observations/361605838,,2,0,False,"John Day Fossil Beds National Monument, Mitchell, OR, US",,False,False
361580982,5835350,7004,cc-by-nc,-121.1454695,44.36392,,,9.0,9.0,2026-05-13,2026-05-13 13:16:54,2026-05-14T18:20:41-07:00,research,https://www.inaturalist.org/observations/361580982,,1,0,False,"Misery Ridge Loop, Terrebonne, OR, US",,False,False
361538267,10522912,503174,cc-by-nc,-121.5492118,44.2909491,,,2330.0,2330.0,2024-10-26,2024/10/26 12:49 PM,2026-05-14T14:39:24-07:00,research,https://www.inaturalist.org/observations/361538267,,2,0,False,"Sisters, OR 97759, USA",,False,False
361497817,1309897,503174,cc0,-123.67193,42.23947,,,30.0,30.0,2026-04-24,2026/04/24 3:47 PM,2026-05-14T11:54:34-07:00,research,https://www.inaturalist.org/observations/361497817,Could this be a Golden Eagle?,2,0,False,"Josephine County, OR, USA",,False,False
361446374,2949453,3906,cc-by-nc,-118.9650760337,43.2816670254,,,122.0,122.0,2026-05-11,2026/05/11 12:02 PM,2026-05-14T08:44:37-07:00,research,https://www.inaturalist.org/observations/361446374,,1,0,False,"Harney County, OR, USA",,False,False
361358788,10215401,4334,cc-by-nc,-122.81617,45.72805,,,10.0,10.0,2026-05-13,2026-05-13 19:40:44,2026-05-14T00:23:42-07:00,research,https://www.inaturalist.org/observations/361358788,,1,0,False,"Portland, OR, US",,False,False
361230289,7318816,7111,cc-by-nc,-122.2528687684,43.7097374727,,,15.0,27443.0,2026-05-11,2026/05/11 12:08 PM,2026-05-13T12:06:28-07:00,research,https://www.inaturalist.org/observations/361230289,,2,0,False,"Lane County, US-OR, US",,True,False
361229690,297709,4334,cc-by-nc,-117.9179,45.5356666667,,,,,2026-05-09,2026-05-09 10:06:02-08:00,2026-05-13T12:03:42-07:00,research,https://www.inaturalist.org/observations/361229690,,1,0,False,"Philberg Rd, Elgin, OR, US",,False,False
361220200,297709,4334,cc-by-nc,-118.7801283333,45.5703583333,,,,,2026-05-08,2026-05-08 15:51:33-08:00,2026-05-13T11:25:03-07:00,research,https://www.inaturalist.org/observations/361220200,,1,0,False,"Mckay Creek National Wildlife Refuge, Pendleton, OR, US",,False,False
361172305,6009938,4509,cc-by-nc,-123.9656216667,45.88442,,,5.0,5.0,2019-07-04,2019-07-04 09:10:16,2026-05-13T08:35:37-07:00,research,https://www.inaturalist.org/observations/361172305,,2,0,False,"Cannon Beach, OR, US",,False,False
361081353,9878362,6993,cc-by-nc,-124.0189353704,44.9270850828,,,108.0,108.0,2025-12-27,2025-12-27 13:37:50,2026-05-12T22:49:28-07:00,research,https://www.inaturalist.org/observations/361081353,,1,0,False,"SW 51st St, Lincoln City, OR, US",,False,False
360934359,3877741,7004,,-123.6794339,42.2388821997,,,,,2026-05-11,2026-05-11 17:04:30,2026-05-12T11:01:52-07:00,research,https://www.inaturalist.org/observations/360934359,,1,0,False,"Selma, OR 97538, USA",,False,False
360790780,6718267,7111,cc-by-nc,-123.9677313343,45.8841300851,,,211.0,211.0,2026-04-25,2026-04-25 14:59:52,2026-05-11T21:04:06-07:00,research,https://www.inaturalist.org/observations/360790780,,2,0,False,"Tolovana Park, Cannon Beach, OR, USA",,False,False
360790519,1249080,9771,cc0,-122.2440323326,42.297030287,,,15.0,15.0,2015-02-23,2015/02/23 3:22 PM,2026-05-11T21:02:42-07:00,research,https://www.inaturalist.org/observations/360790519,,1,0,False,"Klamath County, OR, USA",,False,False
360788821,1249080,9771,cc0,-122.0712535152,43.2171054858,,,61.0,61.0,2015-02-18,2015/02/18 9:12 AM,2026-05-11T20:52:38-07:00,research,https://www.inaturalist.org/observations/360788821,,1,0,False,"Douglas County, OR, USA",,False,False
360788819,1249080,9771,cc0,-122.0712535152,43.2171054858,,,61.0,61.0,2015-02-18,2015/02/18 1:19 PM,2026-05-11T20:52:38-07:00,research,https://www.inaturalist.org/observations/360788819,,1,0,False,"Douglas County, OR, USA",,False,False
360788818,1249080,9771,cc0,-122.0712535152,43.2171054858,,,61.0,61.0,2015-02-18,2015/02/18 1:13 PM,2026-05-11T20:52:38-07:00,research,https://www.inaturalist.org/observations/360788818,,1,0,False,"Douglas County, OR, USA",,False,False
360773915,6291254,7111,cc-by-nc,-124.0617193915,44.6170195597,,,324.0,324.0,2026-05-05,2026-05-05 14:31:19,2026-05-11T19:26:08-07:00,research,https://www.inaturalist.org/observations/360773915,,1,0,False,"Newport, OR, US",,False,False
360769235,2740287,7004,cc-by-nc,-122.981706073,44.0049044161,,,80.0,80.0,2026-05-06,2026-05-06 10:23:31,2026-05-11T19:02:08-07:00,research,https://www.inaturalist.org/observations/360769235,,2,0,False,"Eugene, OR, US",,False,False
360745414,7573684,7004,,-123.06775,44.0515555,,,14.0,14.0,2026-05-11,2026-05-11 16:10:59,2026-05-11T17:04:21-07:00,research,https://www.inaturalist.org/observations/360745414,,2,0,False,"Ruth Bascom Bike Path, Eugene, OR, US",,False,False
360695953,10045467,4334,cc-by-nc,-122.8398029506,45.3829462858,,,40.0,40.0,2026-05-11,2026-05-11 10:52:04,2026-05-11T13:24:39-07:00,research,https://www.inaturalist.org/observations/360695953,,3,0,False,"Sherwood, OR, US",,False,False
360618966,5754560,1264,,-119.7851324904,42.5603446334,,,2557230.0,2557230.0,2019-01-01,2019-01-01 00:00:15,2026-05-11T08:41:28-07:00,research,https://www.inaturalist.org/observations/360618966,,1,0,False,United States,,True,False
360609139,5754560,3906,,-119.8482381311,42.531472537,,,6236.0,6236.0,2025-12-19,2025-12-19 13:43:49,2026-05-11T08:04:35-07:00,research,https://www.inaturalist.org/observations/360609139,,2,0,False,"Plush, OR, US",,False,False
360511053,9569734,4509,,-123.9946515482,45.8864497093,,,1487.0,27095.0,2026-05-09,2026/05/09 11:06 AM,2026-05-10T22:38:40-07:00,research,https://www.inaturalist.org/observations/360511053,,1,0,False,"Oregon, US",,True,False
360511046,9569734,4509,,-123.9067997691,45.987048417,,,1487.0,27095.0,2026-05-09,2026/05/09 11:05 AM,2026-05-10T22:38:39-07:00,research,https://www.inaturalist.org/observations/360511046,,1,0,False,"Oregon, US",,True,False
360511029,9569734,4509,,-123.9464416651,45.8616678495,,,1487.0,27095.0,2026-05-09,2026/05/09 10:34 AM,2026-05-10T22:38:37-07:00,research,https://www.inaturalist.org/observations/360511029,,1,0,False,"Oregon, US",,True,False
360511028,9569734,4509,,-123.8551557024,45.8247231204,,,1487.0,27095.0,2026-05-09,2026/05/09 10:36 AM,2026-05-10T22:38:37-07:00,research,https://www.inaturalist.org/observations/360511028,,1,0,False,"Oregon, US",,True,False
360511027,9569734,4509,,-123.9320447729,45.8986477848,,,1487.0,27095.0,2026-05-09,2026/05/09 10:29 AM,2026-05-10T22:38:37-07:00,research,https://www.inaturalist.org/observations/360511027,,1,0,False,"Oregon, US",,True,False
360511018,9569734,4509,,-123.8123597359,45.999546008,,,1487.0,27095.0,2026-05-09,2026/05/09 10:23 AM,2026-05-10T22:38:36-07:00,research,https://www.inaturalist.org/observations/360511018,,1,0,False,"Oregon, US",,True,False
360511011,9569734,4509,,-123.9980310927,45.9266254863,,,1487.0,27095.0,2026-05-09,2026/05/09 10:22 AM,2026-05-10T22:38:35-07:00,research,https://www.inaturalist.org/observations/360511011,,1,0,False,"Oregon, US",,True,False
360510994,9569734,4509,,-123.9612179172,45.9927122349,,,1487.0,27095.0,2026-05-09,2026/05/09 10:17 AM,2026-05-10T22:38:33-07:00,research,https://www.inaturalist.org/observations/360510994,,1,0,False,"Oregon, US",,True,False
360510993,9569734,4509,,-123.865496641,45.9881397113,,,1487.0,27095.0,2026-05-09,2026/05/09 10:19 AM,2026-05-10T22:38:33-07:00,research,https://www.inaturalist.org/observations/360510993,,1,0,False,"Oregon, US",,True,False
360510952,9569734,4509,,-123.849262211,45.8587220109,,,1487.0,27095.0,2026-05-09,2026/05/09 9:33 AM,2026-05-10T22:38:28-07:00,research,https://www.inaturalist.org/observations/360510952,,1,0,False,"Oregon, US",,True,False
360510942,9569734,4509,,-123.8175998417,45.9083483041,,,1487.0,27095.0,2026-05-09,2026/05/09 9:28 AM,2026-05-10T22:38:27-07:00,research,https://www.inaturalist.org/observations/360510942,,1,0,False,"Oregon, US",,True,False
360510934,9569734,4509,,-123.8417411877,45.8202772786,,,1487.0,27095.0,2026-05-09,2026/05/09 9:28 AM,2026-05-10T22:38:26-07:00,research,https://www.inaturalist.org/observations/360510934,,1,0,False,"Oregon, US",,True,False
360510933,9569734,4509,,-123.9330629733,45.9914429295,,,1487.0,27095.0,2026-05-09,2026/05/09 9:27 AM,2026-05-10T22:38:26-07:00,research,https://www.inaturalist.org/observations/360510933,,1,0,False,"Oregon, US",,True,False
360510932,9569734,4509,,-123.9039602595,45.9398007624,,,1487.0,27095.0,2026-05-09,2026/05/09 9:27 AM,2026-05-10T22:38:26-07:00,research,https://www.inaturalist.org/observations/360510932,,1,0,False,"Oregon, US",,True,False
360510920,9569734,4509,,-123.9150508192,45.8654105912,,,1487.0,27095.0,2026-05-09,2026/05/09 9:22 AM,2026-05-10T22:38:25-07:00,research,https://www.inaturalist.org/observations/360510920,,1,0,False,"Oregon, US",,True,False
360507264,3775986,7111,,-121.8852083333,45.3821716667,,,2778.0,2778.0,2026-05-10,2026-05-10 16:45:08-07:00,2026-05-10T22:16:33-07:00,research,https://www.inaturalist.org/observations/360507264,,1,0,False,"Rhododendron, OR, US",,False,False
360490305,5207617,4334,cc-by-nc,-121.8050066667,42.235885,,,,,2026-05-03,2026/05/03 8:38 AM,2026-05-10T20:45:12-07:00,research,https://www.inaturalist.org/observations/360490305,,1,0,False,"Klamath Falls, OR, USA",,False,False
360462575,9569734,4509,,-123.9619512287,45.8899723941,,,807.0,27095.0,2026-05-09,2026/05/09 9:05 AM,2026-05-10T19:00:20-07:00,research,https://www.inaturalist.org/observations/360462575,,1,0,False,"Oregon, US",,True,False
360462574,9569734,7111,,-123.9509595404,45.8832420516,,,807.0,27095.0,2026-05-09,2026/05/09 9:04 AM,2026-05-10T19:00:20-07:00,research,https://www.inaturalist.org/observations/360462574,,3,0,False,"Oregon, US",,True,False
360462573,9569734,7111,,-123.954870923,45.8426516698,,,807.0,27095.0,2026-05-09,2026/05/09 9:03 AM,2026-05-10T19:00:20-07:00,research,https://www.inaturalist.org/observations/360462573,,2,0,False,"Oregon, US",,True,False
360462546,9569734,4509,,-123.9739231968,45.9673230883,,,807.0,27095.0,2026-05-09,2026/05/09 8:31 AM,2026-05-10T19:00:16-07:00,research,https://www.inaturalist.org/observations/360462546,,1,0,False,"Oregon, US",,True,False
360462539,9569734,4509,,-123.83668745,45.9819785029,,,807.0,27095.0,2026-05-09,2026/05/09 8:27 AM,2026-05-10T19:00:14-07:00,research,https://www.inaturalist.org/observations/360462539,,1,0,False,"Oregon, US",,True,False
360445076,6394851,7004,cc-by-nc,-123.2653533931,45.4548291323,,,4.0,4.0,2026-05-07,2026/05/07 ,2026-05-10T17:54:47-07:00,research,https://www.inaturalist.org/observations/360445076,,1,0,False,"Washington County, OR, USA",,False,False
360435708,5536563,4509,cc-by-nc,-124.1267085448,44.121775598,,,194.0,194.0,2026-05-10,2026-05-10 17:00:28,2026-05-10T17:20:40-07:00,research,https://www.inaturalist.org/observations/360435708,,1,0,False,Sea Lion Caves,,False,False
360380430,8530369,4334,cc-by-nc,-122.8389283333,45.3812116667,,,6.0,6.0,2026-05-10,2026-05-10 13:02:50,2026-05-10T14:11:15-07:00,research,https://www.inaturalist.org/observations/360380430,,3,0,False,"Seasonal Trail, Sherwood, OR, US",,False,False
360341893,4621323,6993,,-123.9861552881,46.2246653799,,,31.0,31.0,2026-05-09,2026/05/09 3:34 PM,2026-05-10T12:25:18-07:00,research,https://www.inaturalist.org/observations/360341893,,3,0,False,"Clatsop County, OR, USA",,False,False
360323245,10423461,4509,cc-by-nc,-123.9683695647,45.884530925,,,67.0,67.0,2026-04-18,2026-04-18 09:10:00Z,2026-05-10T11:37:15-07:00,research,https://www.inaturalist.org/observations/360323245,"many flying near haystack rock this morning at haystack rock , cannon beach oregon",1,0,False,"Oregon Islands National Wildlife Refuge, OR, US",,False,False
360313990,10423461,7111,cc-by-nc,-123.9625388889,45.8746388889,,,1.0,1.0,2026-04-29,2026/04/29 5:47 AM,2026-05-10T11:14:45-07:00,research,https://www.inaturalist.org/observations/360313990,,3,0,False,"Tolovana Park, Cannon Beach, OR, USA",,False,False
360310869,5259,4334,cc-by,-124.5036783333,42.9004033333,,,11.0,11.0,2026-05-10,2026-05-10 08:59:35,2026-05-10T11:06:49-07:00,research,https://www.inaturalist.org/observations/360310869,,1,0,False,"Floras Lake Rd, Langlois, OR, US",,False,False
361513883,444774,63695,,-124.1164687984,44.3763995404,,,,27348.0,2026-05-14,2026-05-14 11:09:25,2026-05-14T12:55:51-07:00,research,https://www.inaturalist.org/observations/361513883,68 cm caught in 150ft,6,0,False,"Oregon, US",,True,False
361512653,444774,63695,,-124.1684159722,44.2382309722,,,,,2026-05-12,2026-05-12 09:37:10,2026-05-14T12:51:24-07:00,research,https://www.inaturalist.org/observations/361512653,,4,0,False,"Lane County, OR, USA",,False,False
362805707,297709,53692,cc-by-nc,-123.8044666667,45.3720716667,,,934.0,934.0,2026-05-18,2026-05-18 10:07:08-07:00,2026-05-18T10:38:49-07:00,research,https://www.inaturalist.org/observations/362805707,,1,0,False,"Highway 101 S, Tillamook, OR, US",,False,False
361624094,5043304,1473968,cc-by-nc,-122.072457427,45.5718356704,,,4.0,27158.0,2026-05-14,2026-05-14 23:24:19-07:00,2026-05-14T23:24:31-07:00,research,https://www.inaturalist.org/observations/361624094,,1,0,False,"Oregon, US",,True,False
361348005,5043304,1473968,cc-by-nc,-122.6493499139,45.5890426884,,,20.0,27158.0,2026-05-13,2026-05-13 22:50:23-07:00,2026-05-13T22:50:32-07:00,research,https://www.inaturalist.org/observations/361348005,,1,0,False,"Oregon, US",,True,False
361304277,4784828,1473968,,-124.1423648454,44.2102257593,,,13.0,27348.0,2026-05-13,2026-05-13 13:27:43-07:00,2026-05-13T18:03:02-07:00,research,https://www.inaturalist.org/observations/361304277,,1,0,False,"Oregon, US",,True,False
360338577,521910,57797,cc-by,-124.5041271765,42.9039619491,,,,,2026-05-09,2026/05/09 2:06 PM,2026-05-10T12:16:30-07:00,research,https://www.inaturalist.org/observations/360338577,Common in sandy areas.,1,0,False,"Floras Lake Trail, Curry County, OR, USA",,False,False
361892404,4248797,68083,cc-by-nc,-122.1672263306,42.9265467623,,,4.0,4.0,2026-05-15,2026-05-15 11:59:52,2026-05-15T20:51:11-07:00,research,https://www.inaturalist.org/observations/361892404,,1,0,False,"Rim Trail, Chiloquin, OR, US",,False,False
361561605,419060,78470,cc-by-nc,-124.4646344905,43.1686007151,,,32.0,27537.0,2026-05-14,2026-05-14 16:31:19-07:00,2026-05-14T16:34:49-07:00,research,https://www.inaturalist.org/observations/361561605,,1,0,False,"Oregon, US",,True,False
362161024,5603162,62474,cc-by-nc,-120.2774666642,44.6608754756,,,4.0,4.0,2026-05-16,2026-05-16 11:25:40-07:00,2026-05-16T15:15:37-07:00,research,https://www.inaturalist.org/observations/362161024,,1,0,False,"Wheeler County, US-OR, US",,False,False
362147608,8864768,79128,,-123.0842425775,44.0297156651,,,3.0,3.0,2026-05-16,2026-05-16 14:26:50,2026-05-16T14:27:07-07:00,research,https://www.inaturalist.org/observations/362147608,,1,0,False,"Hilyard St, Eugene, OR, US",,False,False
361895105,2589288,79128,cc-by-nc,-123.1574695,44.0197945,,,4.0,4.0,2026-05-15,2026-05-15 17:14:32,2026-05-15T21:08:22-07:00,research,https://www.inaturalist.org/observations/361895105,,1,0,False,"Eugene, OR, US",,False,False
361870638,35952,79128,cc-by-nc,-123.1566138889,44.0185527778,,,,,2026-05-15,2026-05-15 17:09:33,2026-05-15T18:58:02-07:00,research,https://www.inaturalist.org/observations/361870638,,2,0,False,"Eugene, OR 97405, USA",,False,False
361825404,722991,79128,cc-by-nc,-122.9439576,43.9996669,,,,,2026-05-14,2026/05/14 3:30 PM,2026-05-15T15:20:55-07:00,research,https://www.inaturalist.org/observations/361825404,,1,0,False,"East portion of Howard Buford Recr. Area, Lane County, OR, USA",,False,False
362782484,3042433,62803,cc-by,-122.7238845651,45.618184313,,,20.0,20.0,2026-05-17,2026-05-17 12:06:51-06:00,2026-05-18T09:18:15-07:00,research,https://www.inaturalist.org/observations/362782484,,1,0,False,"Marine Drive Trail, Portland, OR, US",,False,False
362736594,9292725,62803,cc-by-nc,-123.0276805556,45.3841416667,,,,,2026-05-18,2026-05-18 06:29:59,2026-05-18T06:31:54-07:00,research,https://www.inaturalist.org/observations/362736594,,1,0,False,"Hillsboro, OR 97123, USA",,False,False
362678897,6029839,62803,cc-by-nc,-121.9916,45.3485916667,,,4.0,4.0,2026-05-15,2026-05-15 10:33:35-07:00,2026-05-18T01:28:00-07:00,research,https://www.inaturalist.org/observations/362678897,,1,0,False,"Wildwood Recreation Site, Welches, OR, US",,False,False
362642729,1005131,62803,,-122.72073,45.5303866667,,,,,2026-05-16,2026-05-16 13:10:53-07:00,2026-05-17T21:27:46-07:00,research,https://www.inaturalist.org/observations/362642729,,1,0,False,"Macleay Park, Portland, OR, US",,False,False
362631439,714778,62803,,-122.7598555556,45.2947888889,,,,,2026-05-17,2026-05-17 11:49:12,2026-05-17T20:27:25-07:00,research,https://www.inaturalist.org/observations/362631439,,2,0,False,"Wilsonville, OR, USA",,False,False
362614677,10334666,62803,cc-by-nc,-122.6666866667,45.4555583333,,,36.0,36.0,2026-05-17,2026-05-17 15:21:58,2026-05-17T19:11:51-07:00,research,https://www.inaturalist.org/observations/362614677,,2,0,False,"Portland, OR, US",,False,False
362608468,7881539,62803,,-124.0505767902,44.6312399709,,,2523763.0,2523763.0,2026-05-14,2026-05-14 08:21:23,2026-05-17T18:45:40-07:00,research,https://www.inaturalist.org/observations/362608468,,2,0,False,"SW Bay Blvd, Newport, OR, US",,False,False
362592165,10551917,62803,cc-by-nc,-123.239320056,44.6626504617,,,85.0,85.0,2026-05-17,2026-05-17 09:05:50,2026-05-17T17:38:15-07:00,research,https://www.inaturalist.org/observations/362592165,,2,0,False,"Corvallis, OR, US",,False,False
362591351,10551917,62803,cc-by-nc,-123.2393396977,44.6626285068,,,6.0,6.0,2026-05-17,2026-05-17 08:37:51,2026-05-17T17:34:34-07:00,research,https://www.inaturalist.org/observations/362591351,,2,0,False,"Corvallis, OR, US",,False,False
362571250,9978122,62803,cc-by-nc,-122.3772866667,45.550145,,,25.0,25.0,2026-05-17,2026-05-17 09:49:01,2026-05-17T16:19:18-07:00,research,https://www.inaturalist.org/observations/362571250,,1,0,False,"Ranch Dike Trail, Corbett, OR, US",,False,False
362549470,3419233,62803,cc-by-nc,-122.6789033997,44.4645961,,,,,2026-05-17,2026-05-17 12:46:36,2026-05-17T15:09:01-07:00,research,https://www.inaturalist.org/observations/362549470,,1,0,False,"Lebanon, OR 97355, USA",,False,False
362509019,8011551,62803,,-123.4921649471,44.3266034873,,,184.0,184.0,2026-05-17,2026-05-17 08:54:15,2026-05-17T13:10:43-07:00,research,https://www.inaturalist.org/observations/362509019,,1,0,False,"Monroe, OR 97456, USA",,False,False
362437409,8399158,62803,,-122.8691783333,45.4430366667,,,5.0,5.0,2026-05-17,2026-05-17 10:02:09,2026-05-17T10:04:48-07:00,research,https://www.inaturalist.org/observations/362437409,,1,0,False,"Beaverton, OR, US",,False,False
362437303,773077,62803,,-123.0789444444,43.9876166667,,,,,2026-05-17,2026-05-17 09:59:00,2026-05-17T10:04:33-07:00,research,https://www.inaturalist.org/observations/362437303,,1,0,False,"Eugene, OR 97405, USA",,False,False
362435273,1410503,62803,cc-by-nc,-121.666695,45.6948616667,,,19.0,19.0,2026-05-17,2026-05-17 09:58:57,2026-05-17T09:59:45-07:00,research,https://www.inaturalist.org/observations/362435273,,1,0,False,"Hood River, OR, US",,False,False
362431118,3567422,62803,,-122.6711699367,45.4386473276,,,501.0,501.0,2026-05-17,2026-05-17 09:44:18,2026-05-17T09:48:55-07:00,research,https://www.inaturalist.org/observations/362431118,,1,0,False,"Multnomah County, US-OR, US",,False,False
362320267,4645037,62803,cc-by-nc,-123.489096,46.148591,,,,,2026-05-16,2026-05-16 10:55:59,2026-05-17T04:10:42-07:00,research,https://www.inaturalist.org/observations/362320267,,2,0,False,"Westport, OR 97016, USA",,False,False
362274657,7905756,62803,cc-by-nc,-123.2595833333,44.966525,,,3.0,3.0,2026-05-16,2026-05-16 12:19:57-07:00,2026-05-16T23:58:58-07:00,research,https://www.inaturalist.org/observations/362274657,,2,0,False,"Rich Guadagno Memorial Trail, Dallas, OR, US",,False,False
362269782,10551950,62803,cc-by-nc,-122.7243561298,45.5324682756,,,965.0,965.0,2026-05-07,2026-05-07 18:51:28,2026-05-16T23:24:12-07:00,research,https://www.inaturalist.org/observations/362269782,,2,0,False,"Portland, OR 97210, USA",,False,False
362249840,9014014,62803,cc-by-nc,-123.9351583333,44.2834633333,,,4.0,4.0,2026-05-13,2026-05-13 14:08:38,2026-05-16T21:16:59-07:00,research,https://www.inaturalist.org/observations/362249840,,1,0,False,"Yachats River Road No NF-54, Yachats, OR, US",,False,False
362080260,3355395,62803,cc-by-nc,-122.6809459015,45.3720490054,,,48.0,48.0,2026-05-04,2026-05-04 11:01:48,2026-05-16T11:01:46-07:00,research,https://www.inaturalist.org/observations/362080260,,1,0,False,"SW Ashdown Cir, West Linn, OR, US",,False,False
362044621,3380793,62803,cc-by-nc,-122.7332701093,45.5207243972,,,74.0,74.0,2026-05-15,2026-05-15 07:41:49,2026-05-16T09:20:01-07:00,research,https://www.inaturalist.org/observations/362044621,,1,0,False,"Portland, OR, US",,False,False
361828056,5043304,62803,cc-by-nc,-122.604805458,45.4290131272,,,10.0,27158.0,2026-05-15,2026-05-15 15:32:45-07:00,2026-05-15T15:32:54-07:00,research,https://www.inaturalist.org/observations/361828056,,1,0,False,"Oregon, US",,True,False
361601747,7936272,62803,cc-by-nc,-122.9679457032,44.1635623852,,,553.0,553.0,2026-05-13,2026-05-13 14:38:12,2026-05-14T20:28:51-07:00,research,https://www.inaturalist.org/observations/361601747,,1,0,False,"Springfield, OR, US",,False,False
361587666,5043304,62803,cc-by-nc,-122.0631313859,45.5126761328,,,5.0,27158.0,2026-05-14,2026-05-14 19:00:27-07:00,2026-05-14T19:00:44-07:00,research,https://www.inaturalist.org/observations/361587666,,1,0,False,"Oregon, US",,True,False
361464613,362434,62803,,-124.0951528333,44.2806166667,,,44.0,44.0,2026-05-07,2026-05-07 10:13:08,2026-05-14T09:52:58-07:00,research,https://www.inaturalist.org/observations/361464613,,2,0,False,"Giant Spruce Trail, Yachats, OR, US",,False,False
361454861,6441305,62803,cc-by-nc,-123.745714,45.5931369722,,,,,2026-05-13,2026-05-13 18:43:38,2026-05-14T09:16:34-07:00,research,https://www.inaturalist.org/observations/361454861,,1,0,False,"Tillamook, OR 97141, USA",,False,False
361444082,7845358,62803,cc-by-nc,-123.0621333333,44.0352138333,,,6.0,6.0,2026-05-11,2026-05-11 19:08:17-07:00,2026-05-14T08:35:38-07:00,research,https://www.inaturalist.org/observations/361444082,,2,0,False,"Hendricks Park, Eugene, OR, US",,False,False
361416353,9436036,62803,cc-by-nc,-122.9684666667,44.1639471667,,,13.0,13.0,2026-05-13,2026-05-13 14:47:54,2026-05-14T06:49:27-07:00,research,https://www.inaturalist.org/observations/361416353,,2,0,False,"Springfield, OR, US",,False,False
361357555,5043304,62803,cc-by-nc,-122.7375933588,45.5979197961,,,61.0,27158.0,2026-05-14,2026-05-14 00:09:23-07:00,2026-05-14T00:13:59-07:00,research,https://www.inaturalist.org/observations/361357555,,1,0,False,"Oregon, US",,True,False
361353816,5043304,62803,cc-by-nc,-122.6095308647,45.5187501921,,,13.0,27158.0,2026-05-13,2026-05-13 23:36:32-07:00,2026-05-13T23:45:16-07:00,research,https://www.inaturalist.org/observations/361353816,,1,0,False,"Oregon, US",,True,False
361335412,10327834,62803,cc-by-nc,-122.968195,44.1642611667,,,3.0,3.0,2026-05-13,2026-05-13 14:33:53,2026-05-13T21:12:37-07:00,research,https://www.inaturalist.org/observations/361335412,,1,0,False,"Springfield, OR, US",,False,False
361311368,10316536,62803,cc-by-nc,-122.9685833333,44.163625,,,11.0,11.0,2026-05-13,2026-05-13 14:48:42,2026-05-13T18:38:33-07:00,research,https://www.inaturalist.org/observations/361311368,,2,0,False,"Springfield, OR, US",,False,False
361311047,9436036,62803,cc-by-nc,-122.9725283333,44.1667416667,,,13.0,13.0,2026-05-13,2026-05-13 16:20:02,2026-05-13T18:36:36-07:00,research,https://www.inaturalist.org/observations/361311047,,2,0,False,"Springfield, OR, US",,False,False
361301110,10325300,62803,cc-by-nc,-122.9682533333,44.1642278333,,,14.0,14.0,2026-05-13,2026-05-13 14:44:40,2026-05-13T17:49:08-07:00,research,https://www.inaturalist.org/observations/361301110,,3,0,False,"Springfield, OR, US",,False,False
361252352,8434864,62803,,-122.715195,45.5293216667,,,10.0,10.0,2026-05-13,2026-05-13 13:42:57-07:00,2026-05-13T13:43:54-07:00,research,https://www.inaturalist.org/observations/361252352,,2,0,False,"Macleay Park, Portland, OR, US",,False,False
361247034,6953263,62803,cc-by-nc,-122.71962,45.5193366667,,,4.0,4.0,2026-05-13,2026-05-13 08:42:52-07:00,2026-05-13T13:21:39-07:00,research,https://www.inaturalist.org/observations/361247034,,1,0,False,"Bristlecone Pine Trail, Portland, OR, US",,False,False
361167381,7430711,62803,cc-by-nc,-122.870880127,45.9349632263,,,5.0,5.0,2026-05-13,Wed May 13 2026 08:16:14 GMT -0700 (PDT),2026-05-13T08:16:25-07:00,research,https://www.inaturalist.org/observations/361167381,,1,0,False,Deer Island,,False,False
361157349,7446525,62803,cc-by-nc,-123.4077615291,42.0981967875,,,48.0,48.0,2026-05-08,2026-05-08 15:03:50,2026-05-13T07:35:05-07:00,research,https://www.inaturalist.org/observations/361157349,On wall of main cave entrance ,1,0,False,"Cave Junction, OR 97523, USA",,False,False
361070685,1131447,62803,,-123.0332417784,45.1116133865,,,14.0,14.0,2026-04-29,2026-04-29 07:01:44,2026-05-12T21:22:01-07:00,research,https://www.inaturalist.org/observations/361070685,,1,0,False,"SE Upper Island Rd, Dayton, OR, US",,False,False
361070671,1131447,62803,,-123.1356004539,44.7415921373,,,22.0,22.0,2026-04-28,2026-04-28 10:01:17,2026-05-12T21:21:55-07:00,research,https://www.inaturalist.org/observations/361070671,,1,0,False,"Independence, OR, US",,False,False
361053233,7039757,62803,cc-by-nc,-123.2712033333,44.0440861667,,,4.0,4.0,2026-05-12,2026-05-12 08:42:32,2026-05-12T19:34:33-07:00,research,https://www.inaturalist.org/observations/361053233,,3,0,False,"Eugene, OR, US",,False,False
360976410,2042957,62803,cc-by-nc-nd,-122.7449049226,44.8918068665,,,149.0,27253.0,2014-06-12,2014/06/12 3:16 PM,2026-05-12T13:37:48-07:00,research,https://www.inaturalist.org/observations/360976410,,2,0,False,"Marion County, US-OR, US",,True,False
360805821,10354411,62803,cc-by-nc,-123.2862083333,44.6411083333,,,7.0,7.0,2025-04-09,2025-04-09 16:58:59,2026-05-11T23:05:04-07:00,research,https://www.inaturalist.org/observations/360805821,,2,0,False,"Corvallis, OR, US",,False,False
360799526,2337177,62803,cc-by-nc,-122.6188366667,45.36037,,,14.0,14.0,2026-05-06,2026-05-06 19:40:28-07:00,2026-05-11T22:11:51-07:00,research,https://www.inaturalist.org/observations/360799526,,1,0,False,"Camassia Nature Preserve, West Linn, OR, US",,False,False
360753100,5536563,62803,cc-by-nc,-124.408448115,43.1189964323,,,1955.0,1955.0,2026-05-11,2026-05-11 15:22:59,2026-05-11T17:41:27-07:00,research,https://www.inaturalist.org/observations/360753100,,2,0,False,"Bandon, OR 97411, USA",,False,False
360739363,7766486,62803,cc-by-nc,-123.4898833333,44.3230366667,,,14.0,14.0,2026-05-11,2026-05-11 15:10:13-07:00,2026-05-11T16:35:21-07:00,research,https://www.inaturalist.org/observations/360739363,,2,0,False,"South Fork Alsea River, Monroe, OR, US",,False,False
360676580,8600247,62803,cc-by-nc,-124.3553543091,42.1441612244,,,3.0,3.0,2026-05-11,Mon May 11 2026 10:04:47 GMT -0700 (PDT),2026-05-11T12:09:01-07:00,research,https://www.inaturalist.org/observations/360676580,,3,0,False,"Curry County, US-OR, US",,False,False
360651825,1767372,62803,cc-by-nc,-122.3645972222,45.5412944444,,,,,2026-05-10,2026-05-10 08:27:15,2026-05-11T10:34:49-07:00,research,https://www.inaturalist.org/observations/360651825,,3,0,False,"Wood Village, OR 97060, USA",,False,False
360651644,1767372,62803,cc-by-nc,-122.3629055556,45.5418583333,,,,,2026-05-10,2026-05-10 08:30:22,2026-05-11T10:33:54-07:00,research,https://www.inaturalist.org/observations/360651644,,3,0,False,"Wood Village, OR 97060, USA",,False,False
360621524,462980,62803,cc-by-nc,-122.7092133333,45.5183966667,,,3.0,3.0,2026-05-02,2026-05-02 10:10:12,2026-05-11T08:49:28-07:00,research,https://www.inaturalist.org/observations/360621524,,2,0,False,"SW Kingston Dr, Portland, OR, US",,False,False
360528538,1629545,62803,cc-by-nc,-122.1172555,45.5770383333,,,4.0,4.0,2026-05-06,2026-05-06 09:20:16-07:00,2026-05-11T00:43:27-07:00,research,https://www.inaturalist.org/observations/360528538,,3,0,False,"Zigzag Ranger Station, Corbett, OR, US",,False,False
360526629,9246677,62803,cc-by-nc,-124.1096721667,44.2869116667,,,4.0,4.0,2026-05-08,2026-05-08 20:14:50-07:00,2026-05-11T00:31:06-07:00,research,https://www.inaturalist.org/observations/360526629,,1,0,False,"Siuslaw National Forest, Yachats, OR, US",,False,False
360519252,10179229,62803,cc-by-nc,-122.5725416667,45.5525277778,,,4.0,4.0,2024-08-23,2024/08/23 2:40 PM,2026-05-10T23:36:19-07:00,research,https://www.inaturalist.org/observations/360519252,,2,0,False,"Northeast Portland, Portland, OR, USA",,False,False
360405442,3307222,62803,cc-by,-122.3723833333,45.54182,,,102.0,102.0,2026-05-10,2026-05-10 12:46:03,2026-05-10T15:29:13-07:00,research,https://www.inaturalist.org/observations/360405442,,3,0,False,"Troutdale, OR, US",,False,False
362484521,8297066,61188,cc-by-nc,-123.895741492,42.3381238954,,,,27661.0,2026-05-16,2026-05-16,2026-05-17T12:03:59-07:00,research,https://www.inaturalist.org/observations/362484521,,1,0,False,"Oregon, US",,True,False
361061631,521910,77502,cc-by,-123.6780424174,42.1741398163,,,,,2026-05-06,2026/05/06 12:35 PM,2026-05-12T20:24:17-07:00,research,https://www.inaturalist.org/observations/361061631,,1,0,False,"Jimmy Creek, Josephine County, OR, USA",,False,False
362826489,7880943,124748,,-123.9735668032,45.4644631838,,,3.0,3.0,2026-05-17,2026-05-17 15:10:03,2026-05-18T11:52:04-07:00,research,https://www.inaturalist.org/observations/362826489,,1,0,False,"Tillamook County, US-OR, US",,False,False
362499009,5809401,124814,cc-by-nc,-124.0652083333,44.7510222222,,,,,2026-05-17,2026-05-17 10:44:47,2026-05-17T12:42:42-07:00,research,https://www.inaturalist.org/observations/362499009,Unsure -- 2nd opinions appreciated!,1,0,False,"Lincoln County, OR, USA",,False,False
362448420,3788060,124748,cc-by-nc,-124.0853939596,44.4982315008,,,395.0,395.0,2026-05-17,2026-05-17 07:01:59-07:00,2026-05-17T10:34:03-07:00,research,https://www.inaturalist.org/observations/362448420,,1,0,False,"North Pacific Ocean, OR, US",,False,False
362237771,2871991,124748,cc-by-nc,-124.0706945,44.680175,,,4.0,4.0,2026-05-16,2026-05-16 09:29:28,2026-05-16T20:20:40-07:00,research,https://www.inaturalist.org/observations/362237771,,2,0,False,"OR, US",,False,False
361886143,923051,124748,,-124.0986694465,44.3363394833,,,48.0,48.0,2026-05-15,2026-05-15 20:15:40,2026-05-15T20:16:00-07:00,research,https://www.inaturalist.org/observations/361886143,,1,0,False,"Highway 101 N, Yachats, OR, US",,False,False
361886004,923051,124748,,-124.0986694721,44.3362562197,,,30.0,30.0,2026-05-15,2026-05-15 20:15:01,2026-05-15T20:15:42-07:00,research,https://www.inaturalist.org/observations/361886004,,1,0,False,"Highway 101 N, Yachats, OR, US",,False,False
361882567,923051,124748,,-124.0981958545,44.337832769,,,84.0,84.0,2026-05-15,2026-05-15 19:56:19,2026-05-15T19:56:40-07:00,research,https://www.inaturalist.org/observations/361882567,,1,0,False,"Highway 101 N, Yachats, OR, US",,False,False
361880006,923051,124748,,-124.0985150802,44.3356970857,,,82.0,82.0,2026-05-15,2026-05-15 19:44:53,2026-05-15T19:45:13-07:00,research,https://www.inaturalist.org/observations/361880006,,1,0,False,"Highway 101 N, Yachats, OR, US",,False,False
361550306,8022649,57128,,-124.1103440523,44.2873285276,,,235.0,235.0,2026-05-14,2026-05-14 14:40:39,2026-05-14T15:35:09-07:00,research,https://www.inaturalist.org/observations/361550306,,1,0,False,"Yachats, OR 97498, USA",,False,False
361514531,9681991,57231,cc-by-nc,-123.2276445721,43.3511622157,,,6.0,6.0,2026-04-16,2026-04-16 13:07:32,2026-05-14T12:58:32-07:00,research,https://www.inaturalist.org/observations/361514531,,3,0,False,"Roseburg, OR, US",,False,False
361462114,107672,124814,cc-by,-123.9659355719,45.7505228809,,,862.0,862.0,2025-07-15,2025/07/15 12:42 PM,2026-05-14T09:44:22-07:00,research,https://www.inaturalist.org/observations/361462114,,2,0,False,"Tillamook County, OR, USA",,False,False
360778522,1309897,73592,cc0,-123.2450277625,44.4652302294,,,20.0,27317.0,2026-05-11,2026/05/11 10:02 AM,2026-05-11T19:53:31-07:00,research,https://www.inaturalist.org/observations/360778522,"Eventually, 17 turtle on this log at the same time.  All NW Pond Turtles, as far as I can tell.  Nice to see some young ones.",1,0,False,"Oregon, US",,True,False
360778518,1309897,73592,cc0,-123.307124628,44.5391854069,,,20.0,27317.0,2026-05-11,2026/05/11 10:01 AM,2026-05-11T19:53:30-07:00,research,https://www.inaturalist.org/observations/360778518,,1,0,False,"Oregon, US",,True,False
360490325,5207617,73592,cc-by-nc,-121.6357720188,42.2571832874,,,,27661.0,2026-05-03,2026/05/03 9:52 AM,2026-05-10T20:45:14-07:00,research,https://www.inaturalist.org/observations/360490325,,2,0,False,"Klamath County, US-OR, US",,True,False
360325938,793893,73592,,-123.1177312357,44.7672725127,,,394.0,27285.0,2026-04-19,2026-04-19 10:58:09-07:00,2026-05-10T11:44:17-07:00,research,https://www.inaturalist.org/observations/360325938,Two individuals on a log! ,2,0,False,"Oregon, US",,True,False
