ELEMENT_SUBNATIONAL_ID,ELCODE,SNAME,SCOMNAME,HPLIST,TRACK,added to project,iNaturalist name if different,notes/issues,References
7306,IIHEM34030,Acalypta cooleyi,Cooley's lace bug,3,Y,y,,,
7305,IIHEM34020,Acalypta lillianis,Lillian's lace bug,3,Y,y,,,
7310,IIHEM76010,Acetropis americana,American grass bug,1,Y,y,,,
7252,IICOL87040,Acupalpus punctulatus,Marsh ground beetle,1,Y,y,,,
7590,IIODO14160,Aeshna sitchensis,Zigzag Darner,2,Y,y,,,
7591,IIODO14170,Aeshna subarctica,Subarctic darner,2,Y,y,,,
7816,IITRI33020,Agapetus denningi,Denning's agapetus caddisfly,1,Y,y,,,
7233,IICOL4H010,Agonum belleri,Beller's ground beetle,2,Y,y,,,
7849,IITRIC6010,Allomyia scotti,Scott's apatanian caddisfly,1,Y,y,,,
7262,IIEPH15120,Ameletus dissitus,A mayfly,1,Y,y,,,
7271,IIEPH15340,Ameletus minimus,A mayfly,1,Y,y,,,
7270,IIEPH15330,Ameletus quadratus,A mayfly,1,Y,y,,,
7267,IIEPH15270,Ameletus tolae,A mayfly,1,Y,y,,,
7194,ICMAL02020,Amerigoniscus malheurensis,Malheur isopod,1,Y,y,,,
13096,IIHYM35500,Andrena winnemuccana,A miner bee,3,Y,y,,,
366229,IMBIV04220,Anodonta californiensis,California floater,3,Y,y,,,
7881,IMBIV04100,Anodonta nuttalliana,Winged floater,3,Y,y,,,
7882,IMBIV04110,Anodonta oregonensis,Oregon floater,2,Y,y,,,
7748,IITRI10010,Apatania tavala,Cascades apatanian caddisfly,4,W,y,,,
7874,ILARA29090,Apochthonius forbesi,Forbes pseudoscorpion,1,Y,y,,,
7873,ILARA29020,Apochthonius malheuri,Malheur pseudoscorpion,1,Y,y,,,
366211,IILEPJ6024,Argynnis leto eileenae,Great Spangled Fritillary - California subpopulation,1,Y,y,Argynnis cybele eileenae,popluation (Curry Co. only),
366212,IILEPJ6028,Argynnis leto pugetensis,Puget Sound fritillary,3,Y,y,Argynnis cybele pugetensis,,
7179,ICBRA02020,Artemia franciscana,San Francisco brine shrimp,1,Y,y,,,
13099,IIHYM79090,Ashmeadiella sculleni,A leaf-cutter bee,2,Y,y,,,
7251,IICOL73180,Bembidion tigrinum,Cryptic beach carabid beetle,3,Y,y,,,
7501,IILEPJ7040,Boloria bellona,Meadow fritillary,2,Y,y,,,
7498,IILEPJ7180,Boloria myrina,Silver-bordered fritillary,2,Y,y,,,
13672,IIHYM24380,Bombus caliginosus,Obscure bumblebee,3,Y,y,,,
365420,IIHYM24110,Bombus fervidus,Yellow bumblebee,3,Y,y,,,
7336,IIHYM24010,Bombus franklini,Franklin's bumblebee,1,Y,y,,,
365421,IIHYM24460,Bombus morrisoni,Morrison Bumblebee,2,Y,y,,,
365424,IIHYM24252,Bombus occidentalis,Western bumblebee,2,Y,y,,,
365425,IIHYM24350,Bombus suckleyi,Suckley's cuckoo bumblebee,2,Y,y,,,
7312,IIHEM82010,Boreostolus americanus,American unique-headed bug,4,W,y,,,
12437,ICBRA03050,Branchinecta campestris,Pocket pouch fairy shrimp,1,Y,y,,,
7183,ICBRA03080,Branchinecta cornigera,Horned fairy shrimp,1,Y,y,,,
7180,ICBRA03030,Branchinecta lynchi,Vernal pool fairy shrimp,1,Y,y,,,
13093,IIHYMA5010,Calliopsis barri,A miner bee,2,Y,y,,,
7447,IILEPE2100,Callophrys johnsoni,Johnson's hairstreak,2,Y,y,,,
7458,IILEPE2213,Callophrys polios maritima,Seaside hoary elfin,1,Y,y,,,
10763,IIPLE03610,Capnia kersti,A stonefly,1,Y,y,,,
7688,IIPLE03290,Capnia oregona,Oregon snowfly,1,Y,y,,,
7692,IIPLE03530,Capnura anas,Duckhead snowfly,1,Y,y,,,
7313,IIHEM83010,Cardiastethus borealis,Boreal minute pirate bug,3,Y,y,,,
13117,IMGAS0H010,Carinacauda stormi,Cascades axetail slug,1,Y,y,,,
7550,IILEPN7030,Cercyonis sthenele,Great Basin wood nymph,3,W,y,,,
7732,IIPLE2L020,Chernokrilus misnomus,Pacific springfly,3,Y,y,,,
7678,IIORT12010,Chloealtis aspasma,Siskiyou short-horned grasshopper,1,Y,y,,,
7205,IICOL02090,Cicindela columbica,Columbia River tiger beetle,1-ex,Y,y,,,
7207,IICOL02109,Cicindela hirticollis couleensis,Hairy-necked tiger beetle,2,Y,y,,,
7208,IICOL0210B,Cicindela hirticollis siuslawensis,Siuslaw sand tiger beetle,1,Y,y,,,
11850,IICOL02284,Cicindela purpurea hatchi,A tiger beetle,3,Y,y,,,
406224,IIEPH56100,Cinygmula tioga,A mayfly,1,Y,y,,,
12784,IILEPA8042,Colias christina pseudochristina,Intermountain sulphur,2,Y,y,Colias occidentalis ssp. pseudochristina,,
366235,IILEPA8272,Colias occidentalis primordialis,A sulphur,1,Y,y,,,
,,Colias occidentalis resplendens,A sulphur,4,W,y,,,
13138,IILEPA8225,Colias occidentalis sullivani,Sullivan's sulphur,1,Y,y,,,
366216,IILEPA8133,Colias skinneri hinchliffi,Steen's Mountain sulphur,1,Y,,,not in iNaturalist taxonomy. doesn't seem to be widely recognized,
7936,IMGASF8010,Colligyrus depressus,Harney Basin duskysnail,1,Y,y,,,
365576,IMGASF8040,Colligyrus greggi,Rocky Mountain duskysnail,2,Y,u,,,
7930,IMGASF4200,Colligyrus sp. 3,Blue Mountains duskysnail,1,Y,skip,,unpublished taxon,
7932,IMGASF4220,Colligyrus sp. 5,Klamath duskysnail,1,Y,skip,,unpublished taxon,
7934,IMGASF4240,Colligyrus sp. 7,Mare's egg duskysnail,1,Y,skip,,unpublished taxon,
7935,IMGASF4250,Colligyrus sp. 8,Nodose duskysnail,1,Y,skip,,unpublished taxon,
7253,IICOLC7010,Conisattus rectus,Sand darkling beetle,3,Y,y,,,
7314,IIHEM84010,Criocoris saliens,Salien plant bug,3,Y,y,,,
7901,IMGAS93010,Cryptomastix devia,Puget oregonian,2,Y,y,,,
7902,IMGAS93030,Cryptomastix hendersoni,Columbia Gorge oregonian,1,Y,y,,,
7903,IMGAS93080,Cryptomastix populi,Poplar oregonian,1,Y,y,,,
365574,IMGAS93060,Cryptomastix sanburni,Disc oregonian,2,Y,y,,,
366213,IILEPP2012,Danaus plexippus pop. 1,Western Monarch,1,Y,y,Danaus plexippus,add full species,
7315,IIHEM85010,Dendrocoris arizonensis,Arizona stink bug,3,Y,y,,,
7335,IIHEMA9010,Derephysia foliacea,Foliaceous lace bug,3,Y,y,,,
417960,IIPLE2W010,Dracoleuctra siskiyou,A wingless stonefly,3,Y,y,,,
7176,IAOLI01020,Driloleirus macelfreshi,Oregon giant earthworm,1,Y,y,,,
11561,ICBRA23010,Dumontia oregonensis,A water flea,2,Y,y,,,
7746,IITRI08010,Eobrachycentrus gelidae,Mt. Hood brachycentrid caddisfly,4,W,y,,,
7178,ICBRA01080,Eubranchipus oregonus,Oregon fairy shrimp,2,Y,y,,,
7524,IILEPK405K,Euphydryas editha taylori,Taylor's checkerspot,1,Y,y,,,
13084,IILEPK4010,Euphydryas gillettii,Gillett's checkerspot,2,Y,y,,,
442063,IILEYBH030,Euros osticollis,A noctuid moth,3,Y,y,,,
7755,IITRI13060,Farula constricta,A caddisfly,1,Y,y,,,
7751,IITRI13010,Farula davisi,Green Springs Mountain farulan caddisfly,3,Y,y,,,
7752,IITRI13020,Farula jewetti,Mt. Hood farulan caddisfly,4,W,y,,,
7753,IITRI13030,Farula reapiri,Tombstone Prairie farulan caddisfly,4,W,y,,,
8005,IMGASL6010,Fisherola nuttalli,Shortface lanx,1,Y,y,,,
13700,IMGASG3520,Fluminicola fremonti,Fremont Pebblesnail,1,Y,y,,,
366219,IMGASG3620,Fluminicola fresti,Frest's pebblesnail,1,Y,y,,,
365449,IMGASG3500,Fluminicola fuscus,Columbia pebblesnail,2,Y,y,,,
7961,IMGASG3350,Fluminicola insolitus,Donner und Blitzen pebblesnail,1,Y,y,,,
7954,IMGASG3260,Fluminicola klamathensis,Tall pebblesnail,1,Y,y,,,
7938,IMGASG3080,Fluminicola modoci,Modoc pebblesnail,1,Y,y,,,
366215,IMGASG3540,Fluminicola multifarius,Shasta pebblesnail,2,Y,y,,,
7939,IMGASG3100,Fluminicola nuttallianus,Dusky pebblesnail,1,Y,y,,,
7950,IMGASG3220,Fluminicola sp. 10,Metolius pebblesnail,1,Y,skip,,unpublished taxon,
7951,IMGASG3230,Fluminicola sp. 11,Nerite pebblesnail,1,Y,skip,,unpublished taxon,
7952,IMGASG3240,Fluminicola sp. 12,Odessa pebblesnail,1,Y,skip,,unpublished taxon,
7953,IMGASG3250,Fluminicola sp. 13,Ouxy Spring pebblesnail,1,Y,skip,,unpublished taxon,
7955,IMGASG3270,Fluminicola sp. 15,Tiger lily pebblesnail,1,Y,skip,,unpublished taxon,
7956,IMGASG3280,Fluminicola sp. 16,Toothed pebblesnail,1,Y,skip,,unpublished taxon,
7957,IMGASG3290,Fluminicola sp. 17,Tuscan pebblesnail,1,Y,skip,,unpublished taxon,
7958,IMGASG3300,Fluminicola sp. 18,Wood River pebblesnail,1,Y,skip,,unpublished taxon,
7942,IMGASG3140,Fluminicola sp. 2,Casebeer pebblesnail,1,Y,skip,,unpublished taxon,
7960,IMGASG3320,Fluminicola sp. 20,Crooked Creek pebblesnail,1,Y,skip,,unpublished taxon,
10648,IMGASG3340,Fluminicola sp. 21,Pinhead pebblesnail,1,Y,skip,,unpublished taxon,
7943,IMGASG3150,Fluminicola sp. 3,Diminutive pebblesnail,1,Y,skip,,unpublished taxon,
7944,IMGASG3160,Fluminicola sp. 4,Fall Creek pebblesnail,1,Y,skip,,unpublished taxon,
7945,IMGASG3170,Fluminicola sp. 5,Klamath pebblesnail,3,Y,skip,,unpublished taxon,
7947,IMGASG3190,Fluminicola sp. 7,Lake of the Woods pebblesnail,1,Y,skip,,unpublished taxon,
7948,IMGASG3200,Fluminicola sp. 8,Lost River pebblesnail,1,Y,skip,,unpublished taxon,
7949,IMGASG3210,Fluminicola sp. 9,Malheur pebblesnail,1,Y,skip,,unpublished taxon,
7940,IMGASG3120,Fluminicola turbiniformis,Turban pebblesnail,3,Y,y,,,
366224,IMGASG3610,Fluminicola umpquaensis,Jade pebblesnail,4,W,y,,,
7941,IMGASG3600,Fluminicola virens,Olympia pebblesnail,3,Y,y,,,
9735,IMGASC1010,Gliabates oregonius,Salamander slug,1,Y,y,,,
7577,IIODO08150,Gomphurus lynnae,Columbia clubtail,4,W,y,,,
7884,IMBIV19010,Gonidea angulata,Western ridged mussel,1,Y,y,,,
7676,IIGRY01050,Grylloblatta chintimini,Marys peak ice cricket,3,Y,y,,,
365439,IIGRY01090,Grylloblatta newberryensis,Newberry ice crawler,3,Y,y,,,
365442,IIGRY01100,Grylloblatta oregonensis,An ice crawler,3,Y,y,,,
365445,IIGRY01140,Grylloblatta siskiyouensis,An ice crawler,3,Y,y,,,
406393,IIHYM88100,Habropoda miserabilis,A digger bee,4,W,y,,,
12181,IMGASV2040,Haliotis kamtschatkana,Pinto abalone,1,Y,y,,,
8044,IMGASV2010,Haliotis rufescens,Red abalone,1,Y,y,,,
7318,IIHEM88010,Hebrus buenoi,Bueno's velvet water bug,3,Y,y,,,
13789,IMGAS50160,Helicodiscus salmonaceus,Salmon coil,3,Y,y,,,
8024,IMGASM6020,Helisoma newberryi,Great Basin ramshorn,1,Y,y,,,
7920,IMGASC2280,Helminthoglypta hertleini,Oregon shoulderband,1,Y,y,,,
365427,IMGAS59010,Hemphillia burringtoni,Keeled jumping-slug,3,Y,y,,,
7891,IMGAS59050,Hemphillia glandulosa,Warty jumping-slug,3,Y,y,,,
7892,IMGAS59060,Hemphillia malonei,Malone jumping-slug,4,W,y,,,
7893,IMGAS60030,Hesperarion mariae,Tillamook westernslug,4,W,y,,,
13857,IILEP65209,Hesperia colorado oregonia,Oregon branded skipper,2,Y,y,,,
7905,IMGAS95410,Hochbergellus hirsutus,Sisters hesperian,1,Y,y,,,
7808,IITRI24010,Homoplectra schuhi,Schuh's homoplectran caddisfly,3,Y,y,,,
7307,IIHEM71010,Hoplistoscelis heidemanni,Heidemann's damsel bug,3,Y,y,,,
7302,IIEPH87010,Ironodes arctus,Grizzly flat-headed mayfly,3,Y,y,,,
7694,IIPLE05090,Isocapnia mogila,Irregular stonefly,3,Y,y,,,
13669,IIPLE05140,Isocapnia rickeri,Umatilla snowfly,1,Y,y,,,
7723,IIPLE24480,Isoperla rainiera,Rainier stripetail,3,Y,y,,"updated our name in Biotics, NS notes ""rainieri"" is a mis-spelling",
10760,IIPLE24610,Isoperla umpqua,Muir Creek stonefly,1,Y,y,,,
7976,IMGASK4240,Juga acutifilosa,Scalloped juga,1,Y,y,,,
7977,IMGASK4270,Juga bulbosa,Bulb juga,1,Y,y,,,
7987,IMGASK4110,Juga caerulea,Blue Mountains juga,1,Y,y,,,
432789,IMGASK4230,Juga canella,Cinnamon juga,3,Y,y,,,
12432,IMGASK4210,Juga newberryi,Banded juga,1,Y,y,,,
7988,IMGASK4120,Juga sp. 3,Brown juga,3,Y,skip,,unpublished taxon,
442057,IIPLE1B020,Kathroperla takhoma,Slenderhead sallfly,2,Y,y,,,
8048,IPTUR08010,Kenkia rhynchida,Malheur Cave flatworm,1,Y,y,,,
8006,IMGASL7010,Lanx alta,Highcap lanx,2,Y,y,,,
7852,IITRIC7010,Lepania cascada,A caddisfly,3,Y,y,,,
7735,IITRI01020,Lepidostoma astanea,Goeden's lepidostoman caddisfly,2,Y,y,,,
7293,IIEPH71070,Leucrocuta jewetti,Jewett's flat-headed mayfly,3,Y,y,,,
8043,IMGASR3010,Littorina subrotundata,Newcomb's littorine snail,2,Y,y,,,
366221,IILEPC115C,Lycaena mariposa candia,Candace's copper,1,Y,y,Tharsalea mariposa candia,,
366220,IILEPC115B,Lycaena mariposa junia,June's copper,2,Y,y,Tharsalea mariposa junia,,
7429,IILEPC1151,Lycaena mariposa marya,Mary's copper butterfly,2,Y,y,Tharsalea mariposa marya,,
7321,IIHEM91010,Lygus oregonae,Oregon plant bug,1,Y,y,,,
8049,ITUNI83010,Macromastus umpqua,A cave obligate millipede,1,Y,y,,,
7322,IIHEM92010,Macrotylus essigi,Essig's plant bug,3,Y,y,,,
7323,IIHEM93010,Malezonotus obrieni,Obrien's seed bug,3,Y,y,,,
7885,IMBIV27020,Margaritifera falcata,Western pearlshell,2,Y,y,,,
7911,IMGASB2020,Megomphix hemphilli,Oregon megomphix,4,W,y,,,
7912,IMGASB2030,Megomphix lutarius,Umatilla megomphix,1,Y,y,,,
7695,IIPLE06150,Mesocapnia yoloensis,Yolo snowfly,3,Y,y,,,
7325,IIHEM95010,Micracanthia fennica,Harney Hot Spring shore bug,4,W,y,,,
7326,IIHEM95020,Micracanthia schuhi,Schuh's shore bug,3,Y,y,,,
9738,IMGASC7150,Monadenia chaceana,Chace sideband,3,Y,y,,,
7925,IMGASC7035,Monadenia fidelis celeuthia,Traveling sideband,3,Y,y,,,
7926,IMGASC7036,Monadenia fidelis columbiana,Columbia sideband,3,Y,y,Monadenia fidelis fidelis,,"MolluscaBase, 2022"
7924,IMGASC7034,Monadenia fidelis flava,Green sideband,1,Y,y,,,
7922,IMGASC7031,Monadenia fidelis minor,Dalles sideband,2,Y,y,,,
7923,IMGASC7033,Monadenia fidelis ssp. 1,Deschutes sideband,3,Y,skip,,unpublished taxon,
11732,IMGASC701I,Monadenia fidelis ssp. 11,Modoc Rim sideband,3,Y,skip,,unpublished taxon,
11567,IMGASC703B,Monadenia fidelis ssp. 3,Duncan sideband,3,Y,skip,,unpublished taxon,
7853,IITRIC8010,Moselyana comosa,A caddisfly,3,Y,y,,,
7309,IIHEM72020,Nabicula subcoleoptrata,Black damsel bug,3,Y,y,Nabis subcoleoptratus,,Bugguide 2015
7308,IIHEM72010,Nabis propinquus,Marsh damsel bug,3,Y,y,,,
7854,IITRIC9010,Namamyia plutonis,A caddisfly,3,Y,y,,,
7708,IIPLE0U100,Nanonemoura wahkeena,Wahkeena Falls flightless stonefly,1,Y,y,,,
7246,IICOL6L092,Nebria gebleri fragariae,Strawberry Mountains gazelle beetle,4,W,y,,,
7245,IICOL6L091,Nebria gebleri siskiyouensis,Siskiyou gazelle beetle,3,Y,y,,,
7247,IICOL6L150,Nebria piperi,Piper's gazelle beetle,3,Y,y,,,
7554,IILEPP0012,Neominois ridingsii stretchii,Stretch's satyr butterfly,3,Y,y,,,
365428,IITRIA3190,Neophylax smithi,A caddisfly,3,Y,y,,,
7769,IITRI16010,Neothremma andersoni,Columbia Gorge caddisfly,1,Y,y,,,
12183,IITRI16050,Neothremma prolata,A Caddisfly,1,Y,y,,,
7376,IILEP72040,Ochlodes yuma,Yuma skipper,2,Y,y,,,
7897,IMGAS80130,Ogaridiscus subrupicola,Southern tightcoil,1,Y,y,Pristiloma subrupicola,,MolluscaBase 2021
7771,IITRI17010,Oligophlebodes mostbento,Tombstone Prairie caddisfly,3,Y,y,,,
7232,IICOL0D0G0,Omus cazieri,A tiger beetle,1,Y,y,,,
7204,IICLL18020,Oncopodura mala,Malheur Cave springtail,1,Y,y,,,
7203,IICLL17040,Onychiurus oregonensis,A cave obligate springtail,1,Y,y,,,
7327,IIHEM96010,Orectoderus schuhi,Schuh's plant bug,3,Y,y,,,
7919,IMGASB5820,Oreohelix sp. 29,Hells Canyon mountainsnail,1,Y,skip,,unpublished taxon,
7915,IMGASB532A,Oreohelix strigosa delicata,Blue mountainsnail,1,Y,y,Oreohelix strigosa,,"MolluscaBase, 2023"
7916,IMGASB5520,Oreohelix variabilis,Dalles mountainsnail,1,Y,y,,,
7917,IMGASB5521,Oreohelix variabilis ssp. 1,Deschutes mountainsnail,1,Y,skip,,unpublished taxon,
13102,IIHYMA2490,Osmia ashmeadii,A mason bee,1,Y,y,,,
366232,IMBIVB9020,Ostrea lurida,Native oyster,3,Y,y,,,
7198,ICMAL31020,Pacifastacus connectens,A crayfish,1,Y,y,,,
7697,IIPLE08040,Paracapnia ensicala,Sword snowfly,3,Y,y,,,
7278,IIEPH33140,Paraleptophlebia aquilina,Aquiline prong-gilled mayfly,3,Y,y,,,
7279,IIEPH33210,Paraleptophlebia falcula,A prongill mayfly,3,Y,y,,,
7699,IIPLE0D010,Paraleuctra andersoni,Oregon needlefly,4,Y,y,Pomoleuctra andersoni,NatureServe also uses Pomoleuctra,
7877,ILARAD9010,Parobisium charlotteae,A cave obligate pseudoscorpion,1,Y,y,,,
13111,IIHYM01482,Perdita salicis euxantha,A miner bee,3,Y,y,,,
13114,IIHYM01483,Perdita salicis sublaeta,A miner bee,3,Y,y,,,
8018,IMGASM0340,Petrophysa sp. 1,Hotspring physa,1,Y,skip,,unpublished taxon,
8047,IPTUR01080,Phagocata oregonensis,A cave obligate planarian,1,Y,,,inactive taxon in iNat (possibly they think it is extinct),https://www.inaturalist.org/taxa/227675-Phagocata-oregonensis
7471,IILEPG3020,Philotiella leona,Leona's little blue,1,Y,y,,,
8009,IMGASL9060,Physa megalochlamys,Large-mantle physa,2,Y,y,,,
8010,IMGASM0060,Physella columbiana,Rotund physa,1,Y,y,,,
8013,IMGASM0150,Physella hordacea,Grain physa,1,Y,,,"iNat has this as an inactive taxon - issues w MolluscaBase? can't add to project, check back later",https://www.inaturalist.org/taxa/228081-Physella-hordacea
8017,IMGASM0310,Physella virginea,Sunset physa,3,Y,,,"iNat has this as an inactive taxon - issues w MolluscaBase? can't add to project, check back later",https://www.inaturalist.org/taxa/228092-Physella-virginea
7328,IIHEM97010,Pinalitus solivagus,True fir plant bug,3,Y,y,,,
7887,IMBIV51330,Pisidium sp. 1,Modoc peaclam,1,Y,skip,,unpublished taxon,
7886,IMBIV51220,Pisidium ultramontanum,Montane peaclam,1,Y,y,Euglesa ultramontanus,,MolluscaBase 2022
8029,IMGASN0120,Planorbella oregonensis,Borax Lake ramshorn,1,Y,y,,,
7329,IIHEM98010,Platylygus pseudotsugae,Douglas-fir plant bug,3,Y,y,,,
7479,IILEPG801C,Plebejus icarioides fenderi,Fender's blue,1,Y,y,Icaria icarioides ssp. fenderi,"NatureServe also uses Icaria. Pelham, J.P. 2023. A catalogue of the butterflies of the United States and Canada. Revised 15 February 2023. http://butterfliesofamerica.com/US-Can-Cat.htm",Butterflies of America 2016
13090,IILEPH0033,Plebejus podarce klamathensis,Gray blue,2,Y,y,Agriades podarce ssp. klamathensis,"NatureServe also uses Agriades. Pelham, J.P. 2023. A catalogue of the butterflies of the United States and Canada. Revised 15 February 2023. http://butterfliesofamerica.com/US-Can-Cat.htm",
7477,IILEPG6015,Plebejus saepiolus littoralis,Coastal greenish blue,1,Y,y,Icaria saepiolus ssp. littoralis,"NatureServe also uses Icaria. Pelham, J.P. 2023. A catalogue of the butterflies of the United States and Canada. Revised 15 February 2023. http://butterfliesofamerica.com/US-Can-Cat.htm",http://butterfliesofamerica.com/US-Can-Cat.htm
7364,IILEP66030,Polites mardon,Mardon skipper,1,Y,y,,,
7370,IILEP66092,Polites sonora siris,Sonora skipper,3,Y,y,,,
7913,IMGASB3010,Polygyrella polygyrella,Humped coin,2,Y,y,,,
7972,IMGASJ9010,Pomatiopsis binneyi,Robust walker,1,Y,y,,,
7973,IMGASJ9020,Pomatiopsis californica,Pacific walker,1,Y,y,,,
7974,IMGASJ9030,Pomatiopsis chacei,Marsh walker,1,Y,y,,,
365450,IMGAS80012,Pristiloma arcticum,Northern Tightcoil,3,Y,y,,,
7899,IMGAS80011,Pristiloma crateris,Crater Lake tightcoil,4,W,,,Not in iNaturalist. they merge w. Pristiloma arcteris per. MolluscaBase,
11629,IMGAS80040,Pristiloma idahoense,Thinlip tightcoil,2,Y,y,,,
9741,IMGAS80050,Pristiloma johnsoni,Broadwhorl tightcoil,3,Y,y,,,
9744,IMGAS80100,Pristiloma pilsbryi,Crowned tightcoil,1,Y,y,,,
7898,IMGAS80140,Pristiloma wascoense,Shiny tightcoil,2,Y,y,,,
8045,IMGASX0010,Pristinicola hemphilli,Pristine springsnail,4,W,y,,,
7330,IIHEM99010,Pronotocrepis clavicornis,Thick-antennaed plant bug,3,Y,y,,,
7896,IMGAS62100,Prophysaon sp. 1,Klamath tail-dropper,3,Y,skip,,unpublished taxon,
366227,IICOL6E820,Pterostichus brachylobus,A carabid beetle,3,Y,y,,,
7239,IICOL6E170,Pterostichus johnsoni,Johnson's waterfall carabid beetle,4,W,y,,,
7238,IICOL6E090,Pterostichus rothi,Roth's blind ground beetle,4,W,y,,,
436300,IEECH88010,Pycnopodia helianthoides,Sunflower sea star,1,Y,y,,,
7962,IMGASJ0010,Pyrgulopsis archimedis,Archimedis springsnail,1,Y,y,,,
7968,IMGASJ0620,Pyrgulopsis fresti,Owyhee hot springsnail,1,Y,y,,,
7971,IMGASJ0650,Pyrgulopsis intermedia,Crooked Creek springsnail,1,Y,y,,,
12482,IMGASJ0G80,Pyrgulopsis owyheensis,A springsnail,1,Y,y,,,
11877,IMGASJ0830,Pyrgulopsis robusta,Jackson Lake springsnail,2,Y,y,,,
7963,IMGASJ0570,Pyrgulopsis sp. 7,Lost River springsnail,1,Y,skip,,unpublished taxon,
7965,IMGASJ0590,Pyrgulopsis sp. 9,Klamath Lake springsnail,1,Y,skip,,unpublished taxon,
7889,IMGAS49020,Radiodiscus abietum,Fir pinwheel,2,Y,y,,,
365572,ICMAL81020,Ramellogammarus similimanus,Stumptown scud,1,Y,y,,,
12374,IIEPH39070,Rhithrogena decora,A mayfly,3,Y,y,,,
7779,IITRI19380,Rhyacophila chandleri,A caddisfly,2,Y,y,,,
7775,IITRI19030,Rhyacophila colonus,O'Brien rhyacophilan caddisfly,1,Y,y,,,
7777,IITRI19050,Rhyacophila haddocki,Haddock's rhyacophilan caddisfly,1,Y,y,,,
7788,IITRI19610,Rhyacophila jewetti,A caddisfly,3,Y,y,,,
7789,IITRI19650,Rhyacophila kincaidi,A caddisfly,3,Y,y,,,
7780,IITRI19390,Rhyacophila leechi,A caddisfly,2,Y,y,,,
13081,IITRI19810,Rhyacophila rickeri,A caddisfly,3,Y,y,,,
7778,IITRI19090,Rhyacophila unipunctata,One-spot rhyacophilan caddisfly,3,Y,y,,,
7303,IIHEM07020,Saldula villosa,Hairy shore bug,3,Y,y,,,
7439,IILEPD4120,Satyrium tetra,Mountain mahogany hairstreak,3,Y,y,,,
7234,IICOL4L010,Scaphinotus hatchi,Hatch's carabid beetle,4,W,y,,,
13131,IICOL4L110,Scaphinotus mannii,Mann's mollusk-eating ground beetle,1,Y,y,,,
442058,IILEYMPCK0,Schinia lynda,A noctuid moth,3,Y,y,,,
7258,IIEPH10140,Serratella velmae,A spiny crawler mayfly,3,Y,y,Ephemerella velmae,,
7729,IIPLE2A030,Setvena wahkeena,Wahkeena springfly,3,Y,y,,,
7331,IIHEMA0010,Sixeonotus sp. 1,A plant bug,3,Y,skip,,unpublished taxon,
7717,IIPLE1G060,Soliperla tillamook,Tillamook roachfly,1,Y,y,,,
7492,IILEPJ609H,Speyeria callippe ssp. 1,Willamette callippe fritillary,1-ex,Y,skip,,unpublished taxon (and SX),
7487,IILEPJ6071,Speyeria coronis coronis,Coronis fritillary,2,Y,y,Argynnis coronis coronis,"iNaturalist source for change is unknown. NatureServe taxonomic comment states ""Zhang et al. (2020), following Simonsen et al. (2006), place Speyeria as a subgenus within Argynnis.""",
7490,IILEPJ608A,Speyeria zerene bremnerii,Valley silverspot,2-ex,Y,y,Argynnis zerene bremnerii,"iNaturalist source for change is unknown. NatureServe taxonomic comment states ""Zhang et al. (2020), following Simonsen et al. (2006), place Speyeria as a subgenus within Argynnis.""",
7489,IILEPJ6087,Speyeria zerene hippolyta,Oregon silverspot,1,Y,y,Argynnis zerene hippolyta,"iNaturalist source for change is unknown. NatureServe taxonomic comment states ""Zhang et al. (2020), following Simonsen et al. (2006), place Speyeria as a subgenus within Argynnis.""",Argynnis zerene hippolyta | NatureServe Explorer
7195,ICMAL05490,Stygobromus hubbsi,Malheur Cave amphipod,1,Y,y,,,
11488,ICMAL05D40,Stygobromus lanensis,Lane County Amphipod,3,Y,y,,,
7196,ICMAL05550,Stygobromus oregonensis,Oregon Cave amphipod,1,Y,y,,,
11719,ICMAL05B70,Stygobromus saltuaris,Williamette National Forest Amphipod,3,Y,y,,,
11683,ICMAL05D30,Stygobromus wahkeenensis,Wahkeena Creek Amphipod,3,Y,y,,,
7202,ICMAL92010,Stygonyx courtneyi,A cave obligate amphipod,3,Y,y,,,
7255,IICOLJB010,Stygoporus oregonensis,A cave obligate beetle,1,Y,y,,,
442059,IILEYN3310,Sympistis apep,A noctuid moth,3,Y,y,,,
442060,IILEYN3220,Sympistis hathor,A noctuid moth,3,Y,y,,,
442061,IILEYN31G0,Sympistis parvacana,A noctuid moth,3,Y,y,,,
7574,IIODO02010,Tanypteryx hageni,Black petaltail,4,W,y,,,
7875,ILARAA7020,Taracus silvestrii,A cave obligate harvestman,1,Y,y,,,
12109,IMGASX1010,Taylorconcha insperata,A freshwater snail,1,Y,y,,,
7332,IIHEMA1010,Teratocoris paludum,Pale plant bug,3,N,y,,,
436297,ICMALC5010,Upogebia pugettensis,Blue mud shrimp,1,Y,y,,,
7334,IIHEMA2021,Vanduzeeina borealis californica,California shield-backed bug,2,Y,y,,,
11623,IMGAS20110,Vertigo columbiana,Columbia vertigo,3,Y,y,,,
10685,IMGAS20130,Vertigo dalliana,Horseshoe vertigo,3,Y,y,,,
9408,IMGASA4090,Vespericola depressus,Columbia Gorge hesperian,1,Y,,,Not in iNaturalist. checked synonyms too. likely due to MolluscaBase merging this into V. columbianus,
7908,IMGASA4080,Vespericola sierranus,Siskiyou hesperian,1,Y,y,,,
7909,IMGASA4100,Vespericola sp. 1,Oak Springs hesperian,1,Y,skip,,unpublished taxon,
7910,IMGASA4110,Vespericola sp. 2,Bald hesperian,1,Y,skip,,unpublished taxon,
366214,IMGASA4550,Vespericola sp. 31,Yamhill hesperian,1,Y,skip,,"skip, unpublished taxon",
8034,IMGASN2011,Vorticifex effusa dalli,Dall's ramshorn,1,Y,,Vorticifex effusa,,
8035,IMGASN2012,Vorticifex effusa diagonalis,Lined ramshorn,1,Y,,Vorticifex effusa,,
8038,IMGASN2041,Vorticifex klamathensis klamathensis,Klamath ramshorn,1,Y,,Vorticifex effusa,,
8039,IMGASN2042,Vorticifex klamathensis sinitsini,Sinitsin ramshorn,1,Y,,Vorticifex effusa,,
8036,IMGASN2030,Vorticifex neritoides,Nerite ramshorn,1,Y,y,Vorticifex effusa,Many species under Vorticifex merged under V. effusa. ,https://www.molluscabase.org/aphia.php?p=taxdetails&id=1352101