SNAME,SCOMNAME,AUTHOR_NAME_FULL,HP_LIST,added to project,iNaturalist name if different,Biotics updated,notes/issues,References
Abronia latifolia,Yellow sandverbena,Eschsch.,4,y,,,,
Abronia mellifera,White sandverbena,Dougl. ex Hook.,3,y,,,,
Abronia turbinata,Trans montane abronia,Torr. ex S. Wats.,2,y,,,,
Abronia umbellata ssp. breviflora,Pink sandverbena,Lam.,1,y,,,,
Adiantum jordanii,California maiden-hair,C. Muell.,2,y,,,,
Agastache cusickii,Cusick's giant-hyssop,(Greenm.) Heller,2,y,,,,
Agoseris elata,Tall agoseris,(Nutt.) Greene,2,y,,,,
Agrimonia gryposepala,Tall hairy groovebur,Wallr.,2,y,,,,
Agrostis blasdalei,Cliff bentgrass,A.S. Hitchc.,1,y,,,,
Agrostis densiflora,California bentgrass,Vasey,2,y,,,,
Agrostis hendersonii,Henderson's bentgrass,A.S. Hitchc.,1-ex,y,,,,
Agrostis howellii,Howell's bentgrass,Scribn.,1,y,,,,
Allenrolfea occidentalis,Iodine bush,(S. Wats.) Kuntze,2,y,,,,
Allium bisceptrum,Two-stemmed onion,S. Wats.,4,y,,,,
Allium bolanderi var. bolanderi,Bolander onion,S. Wats.,2,y,,,,
Allium brandegeei,Brandegee's onion,S. Wats.,3,y,,,,
Allium dictuon,Blue Mt. onion,St. John,1,y,,,,
Allium geyeri var. geyeri,Geyer's onion,S. Wats.,2,y,,,,
Allium nevii,Nevius' onion,S. Wats.,2,y,,,,
Allium peninsulare,Peninsular onion,J.G. Lemmon ex Greene,2,y,,,,
Allium robinsonii,Robinson's onion,Henderson,2-ex,y,,,,
Allium sanbornii var. sanbornii,Sanborn's onion,Wood,3,y,,,,
Allium unifolium,One-leaved onion,Kellogg,4,y,,,,
Allophyllum gilioides,Straggling gilia,(Benth.) A.& V. Grant,3,y,,,,
Alopecurus saccatus,Pacific meadow foxtail,Vasey,3,y,,,,
Ammannia robusta,An ammannia,Heer & Regel,2,y,,,,
Amsinckia carinata,Malheur Valley fiddleneck,A. Nels. & J.F. Macbr.,1,y,,,,
Amsinckia spectabilis var. spectabilis,Seaside amsinckia,Fisch. & C.A. Mey.,3,y,,,,
Androsace elongata ssp. acuta,Long-stemmed androsace,L.,2,y,,,,
Anemone multifida var. tetonensis,Cliff anemone,Poir.,3,y,,,,
Anemone oregana var. felix,Bog anemone,Gray,2,skip,Anemoides oregana,n,wider distribution than we are interested in; needs manual review of iNat records,
Anemopsis californica,Yerba mansa,(Nutt.) Hook. & Arn.,3,y,,,,
Angelica tomentosa,Woolly angelica,S. Wats.,3,y,,,,
Antirrhinum kingii,King snapdragon,S. Wats.,2,y,Sairocarpus kingii,y,"ORBIC updated name, Sairocarpus also used by OregonFlora",
Antirrhinum vexillo-calyculatum ssp. breweri,Brewer's snapdragon,Kellogg,2,y,Sairocarpus vexillocalyculatus ssp. breweri,y,ORBIC updated to S. vexillocalyculatus ssp. breweri per OregonFlora 2.3 checklist,
Aphyllon ludovicianum,Suksdorf's broomrape,(Nuttall) A. Gray,2,y,,,,
Arabis furcata,Cascade rockcress,S. Wats.,4,y,,,,
Arabis koehleri var. koehleri,Koehler's rockcress,T.J. Howell,1,y,Boechera koehleri,n,will need to split by geography. OregonFlora no longer recognizes var.,
Arabis koehleri var. stipitata,Koehler's stipitate rockcress,T.J. Howell,4,y,Boechera koehleri,n,will need to split by geography. OregonFlora no longer recognizes var.,
Arabis macdonaldiana,Red Mountain rockcress,Eastw.,1,y,Arabis mcdonaldiana,y,"ORBIC updated name, matches OregonFlora",
Arabis modesta,Rogue Canyon rockcress,Rollins,2,y,,,,
Arctostaphylos hispidula,Gasquet manzanita,T.J. Howell,2,y,,,,
Argemone munita,Prickly-poppy,Dur. & Hilg.,2,y,,,,
Arnica viscosa,Shasta arnica,A. Gray,2,y,,,,
Artemisia campestris var. wormskioldii,Northern wormwood,L.,1-ex,y,Artemisia campestris ssp. borealis,n,"keep ORBIC name, matches OregonFlora",
Artemisia estesii,Estes' artemisia,K.L. Chambers,4,y,,,,
Artemisia packardiae,Packard's artemisia,J. Grimes & Ertter,4,y,,,,
Artemisia papposa,Owyhee sagebrush,Blake & Cronq.,2,y,,,,
Artemisia pycnocephala,Coastal sagewort,(Less.) DC.,2,y,,,,
Asarum wagneri,Green-flowered wild-ginger,Lu & Mesler,4,y,,,,
Asplenium septentrionale,Forked spleenwort,(L.) Hoffmann,2,y,,,,
Asplenium trichomanes ssp. quadrivalens,Large spored spleenwort,L.,3,y,,,,
Asplenium viride,Green spleenwort,Huds.,2,y,,,,
Astragalus alvordensis,Alvord milk-vetch,M.E. Jones,4,y,,,,
Astragalus applegatei,Applegate's milk-vetch,M.E. Peck,1,y,,,,
Astragalus atratus var. owyheensis,Owyhee milk-vetch,S. Wats.,4,y,,,,
Astragalus californicus,California milk-vetch,(Gray) Greene,2,y,,,,
Astragalus calycosus,King's rattleweed,Torr. ex S. Wats.,2,y,,,,
Astragalus collinus var. laurentii,Laurence's milk-vetch,(Hook.) Dougl. ex G. Don,1,y,,,,
Astragalus conjunctus var. conjunctus,Idaho milk-vetch,S. Wats.,3,y,,,,
Astragalus conjunctus var. rickardii,Rickard's milk-vetch,S. Wats.,3,y,,,,
Astragalus cusickii var. sterilis,Sterile milk-vetch,Gray,1,y,Astragalus sterliis,y,"ORBIC updated name, matches OregonFlora",
Astragalus diaphanus var. diurnus,South John Day milk-vetch,Dougl. ex Hook.,1,y,Astragalus diurnus,n,keep ORBIC name (OR Flora agrees),
Astragalus gambelianus,Gambel milk-vetch,Sheldon,2,y,,,,
Astragalus geyeri var. geyeri,Geyer's milk-vetch,Gray,2,y,,,,
Astragalus hoodianus,Hood River milk-vetch,T.J. Howell,2,y,,,,
Astragalus lemmonii,Lemmon's milk-vetch,A. Gray,1,y,,,,
Astragalus lentiginosus var. floribundus,Floriferous freckled milkvetch,Dougl. ex Hook.,3,y,,,,
Astragalus misellus var. misellus,Pauper milk-vetch,S. Wats.,1,y,,,,
Astragalus mulfordiae,Mulford's milk-vetch,M.E. Jones,1,y,,,,
Astragalus peckii,Peck's milk-vetch,Piper,1,y,,,,
Astragalus platytropis,Broad-keeled milk-vetch,A. Gray,2,y,,,,
Astragalus reventiformis,Long-leaved milk-vetch,(Rydb.) Barneby,2,y,,,,
Astragalus robbinsii var. alpiniformis,Wallowa milk-vetch,(Oakes) Gray,4,y,,,,
Astragalus sclerocarpus,Stalked-pod milk-vetch,Gray,4,y,,,,
Astragalus succumbens,Columbia milk-vetch,Dougl. ex Hook.,4,y,,,,
Astragalus tegetarioides,Bastard kentrophyta,M.E. Jones,1,y,,,,
Astragalus tenellus,Loose flower milk-vetch,Pursh,2,y,Astragalus multiflorus,y,"ORBIC changed name, matches OregonFlora",
Astragalus tyghensis,Tygh Valley milk-vetch,M.E. Peck,1,y,,,,
Astragalus umbraticus,Woodland milk-vetch,Sheldon,4,y,,,,
Athysanus unilateralis,Spreading athysanus,(M.E. Jones) Jepson,3,y,,,,
Atriplex gmelinii var. gmelinii,Gmelin's saltbush,C.A. Mey. ex Bong.,2,y,Atriplex gmelinii,n,may only be the one var. in Oregon anyway,
Atriplex leucophylla,Beach saltbush,(Moq.) D. Dietr.,3,y,,,,
Atriplex powellii,Powell's saltbush,S. Wats.,3,y,,,,
Baccharis douglasii,Marsh baccharis,DC.,2,y,Baccharis glutinosa,y,"ORBIC changed name, matches ORFlora. B. douglasii a synonym according to Jepson eFlora",Baccharis glutinosa
Balsamorhiza lanata,Woolly balsamroot,(Sharp) W.A. Weber,1,y,,,,
Balsamorhiza macrophylla,Large-leaf balsamroot,Nutt.,3,y,,,,
Balsamorhiza rosea,Rosy balsamroot,A. Nels. & J.F. Macbr.,2,y,,,,
Balsamorhiza sericea,Silky balsamroot,W.A. Weber,4,y,,,,
Bensoniella oregana,Bensonia,(Abrams & Bacig.) Morton,1,y,,,,
Bergia texana,Texas bergia,(Hook.) Seub. ex Walp.,4,y,,,,
Boechera atrorubens,Sickle-pod rockcress,(Suksdorf ex Greene) Windham & Al-Shehbaz,2,y,,,,
Boechera breweri ssp. shastaensis,Brewer's rockcress,(S. Watson) Al-Shehbaz,3,y,,,,
Boechera cascadensis,Cascade rockcress,Windham & Al-Shehbaz,3,y,,,,
Boechera cobrensis,Cobre rockcress,(M.E. Jones) Dorn,3,y,,,,
Boechera covillei,Coville's rockcress,(Greene) Windham & Al-Shehbaz,3,y,,,,
Boechera cusickii,Cusick's rockcress,(S. Watson) Al-Shehbaz,3,y,,,,
Boechera davidsonii,Davidson's rockcress,(Greene) N. H. Holmgren,2,y,,,,
Boechera hastatula,Hells Canyon rockcress,(Greene) Al-Shehbaz,1,y,,,,
Boechera horizontalis,Crater Lake rockcress,(Greene) Windham & Al-Shehbaz,1,y,,,,
Boechera paddoensis,Mt. Adams rockcress,(Rollins) Windham & Al-Shehbaz,1,y,,,,
Boechera rollei,Klamath River rockcress,(Rollins) Al-Shehbaz,3,y,,,,
Bolandra oregana,Oregon bolandra,S. Wats.,4,y,,,,
Botrychium ascendens,Upward-lobed moonwort,W.H. Wagner,1,y,,,,
Botrychium campestre,Prairie moonwort,W.H. Wagner & Farrar ex W.H. & F. Wagner,2,y,,,,
Botrychium crenulatum,Crenulate grape-fern,W.H. Wagner,1,y,,,,
Botrychium hesperium,Western moonwort,(Maxon & Clausen) W.H. Wagner & Lellinger,2,y,,,,
Botrychium lanceolatum,Lance-leaved grape-fern,(Gmel.) Angstr.,4,y,,,,
Botrychium lineare,Skinny moonwort,W.H. Wagner,1,y,,,,
Botrychium lunaria,Moonwort,(L.) Sw.,2,y,,,,
Botrychium minganense,Gray moonwort,Victorin,4,y,,,,
Botrychium montanum,Mountain grape-fern,W.H. Wagner,2,y,,,,
Botrychium paradoxum,Twin-spike moonwort,W.H. Wagner,2,y,,,,
Botrychium pedunculosum,Stalked moonwort,W.H. Wagner,1,y,,,,
Botrychium pinnatum,Pinnate grape-fern,St. John,4,y,,,,
Botrychium pumicola,Pumice grape-fern,Coville ex Underwood,1,y,,,,
Boykinia intermedia,Sierra brookfoam,(Piper) G.N. Jones,3,y,,,,
Brodiaea californica,California brodiaea,Lindl.,3,y,,,,
Brodiaea terrestris,Dwarf brodiaea,Kellogg,2,y,,,,
Bromus sitchensis var. maritimus,Maritime brome,Trin.,3,y,Bromus maritimus,n,"ORBIC no change, matches ORFlora. Calflora says they're synonyms",Bromus maritimus Calflora
Bulbostylis capillaris,Densetuft hairsedge,(L.) Kunth ex C.B. Clarke,2-ex,y,,,,
Bupleurum americanum,Bupleurum,Coult. & Rose,2,y,,,,
Calamagrostis breweri,Brewer reedgrass,Thurb.,2,y,,,,
Calamagrostis purpurascens,Purple reedgrass,R. Br.,3,y,,,,
Calamagrostis tacomensis,Rainier reedgrass,K.L. Marr & R.J. Hebda,2,y,,,,
Calamagrostis utsutsuensis,Steens Mountain reedgrass,Otting & B.L. Wilson,4,y,,,,
California macrophylla,Large-leaved filaree,"(Hook. & Arn.) Aldas., C. Navarro, P. Vargas, L. Sáez & Aedo",2,y,,,,
Callitriche marginata,Winged water-starwort,Torr.,2,y,,,,
Callitriche trochlearis,Wheel fruited water-starwort,Fassett,2,y,,,,
Calochortus coxii,Cox's mariposa-lily,M. Godfrey & F. Callahan,1,y,,,,
Calochortus greenei,Greene's mariposa-lily,S. Wats.,1,y,,,,
Calochortus howellii,Howell's mariposa-lily,S. Wats.,1,y,,,,
Calochortus indecorus,Sexton Mt. mariposa-lily,Ownbey & M.E. Peck,1-X,skip for now at least,Calochortus x indecorus,n,"[LKW: leave off project for now, iNat taxonomy issues currently] Not added, iNat says C. indecorus is extinct but C. x indecorus has one observation. Lindsey says she'll look into this one","OregonFlora Calochortus indecorus
https://www.inaturalist.org/taxon_changes?taxon_id=159694"
Calochortus longebarbatus var. longebarbatus,Long-bearded mariposa-lily,S. Wats.,4,y,Calochortus longibarbatus longibarbatus,n,"ORBIC leave as-is, matches ORFlora",Taxonomic Changes Taxon: Calochortus longibarbatus longibarbatus (Active)&quot; · iNaturalist
Calochortus longebarbatus var. peckii,Peck's mariposa-lily,S. Wats.,1,y,Calochortus longibarbatus var. peckii,n,"ORBIC leave as-is, matches ORFlora","Taxonomic Changes Taxon: Calochortus longibarbatus peckii (Active)"" · iNaturalist"
Calochortus macrocarpus var. maculosus,Green-band mariposa-lily,Dougl.,1,y,,,,
Calochortus monophyllus,One-leaved calochortus,(Lindl.) Lem.,2,y,,,,
Calochortus nitidus,Broad-fruit mariposa-lily,Dougl.,2,y,,,,
Calochortus nudus,Shasta star-tulip,S. Wats.,2,y,,,,
Calochortus persistens,Siskiyou mariposa lily,Ownbey,1,y,,,,
Calochortus umpquaensis ssp. confertus,Callahan Meadows mariposa lily,N.A. Fredricks,1,y,,,,
Calochortus umpquaensis ssp. flavicomus,Yellow-haired Umpqua mariposa lily,N.A. Fredricks,1,y,,,,
Calochortus umpquaensis ssp. umpquaensis,Umpqua mariposa lily,N.A. Fredricks,1,y,,,,
Calyptridium roseum,Rosy pussypaws,S. Wats.,2,y,,,,
Camassia howellii,Howell's camassia,S. Wats.,1,y,,,,
Camissonia parvula,Lewis' River suncup,(Nutt. ex Torr. & Gray) Raven,2,y,,,,
Camissonia pusilla,Washoe suncup,Raven,2,y,,,,
Cardamine holmgrenii,Holmgren's bittercress,Al-Shehbaz,1,y,,,,
Cardamine pattersonii,Saddle Mt. bittercress,Henderson,1,y,,,,
Carex abrupta,Abrupt-beaked sedge,Mackenzie,4,y,,,,
Carex atherodes,Awned sedge,Spreng.,4,y,,,,
Carex atrosquama,Blackened sedge,Mackenzie,2,y,,,,
Carex barbarae,Santa Barbara sedge,Dewey,4,y,,,,
Carex bebbii,Bebb's sedge,Olney ex Fern.,4,y,,,,
Carex capillaris,Capillary sedge,L.,2,y,,,,
Carex capitata,Capitate sedge,L.,2,y,,,,
Carex comosa,Bristly sedge,Boott,2,y,,,,
Carex concinna,Low northern sedge,R. Br.,2,y,,,,
Carex cordillerana,Cordilleran sedge,Saarela & B.A. Ford,2,y,,,,
Carex crawfordii,Crawford's sedge,Fern.,2,y,,,,
Carex davyi,Dry-spike sedge,Mackenzie,1,y,,,,
Carex diandra,Lesser panicled sedge,Schrank,2,y,,,,
Carex duriuscula,Involute-leaved sedge,C.A. Mey.,2,y,,,,
Carex gynocrates,Yellow bog sedge,Wormsk. ex Drej.,2,y,Carex alascana,"n, review in future","[LKW: leave as-is for now, keep ORBIC name - check iNat names again in future, seems unresolved] Someone claimed C. gynocrates was misapplied, replaced taxon with C. alascana",https://www.inaturalist.org/taxon_changes?taxon_id=1459725
Carex gynodynama,Hairy sedge,Olney,4,y,,,,
Carex haydeniana,Hayden's sedge,Olney,4,y,,,,
Carex heteroneura,Different-nerve sedge,W. Boott,4,y,,,,
Carex idahoa,Idaho sedge,Bailey,1,y,,,,
Carex klamathensis,Klamath sedge,B.L. Wilson & L.P. Janeway,1,y,,,,
Carex lasiocarpa var. americana,Slender sedge,Ehrh.,2,y,,,,
Carex livida,Pale sedge,(Wahlenb.) Willd.,2,y,,,,
Carex macrocephala,Bighead sedge,Willd. ex Spreng.,2,y,,,,
Carex macrochaeta,Alaska long-awned sedge,C.A. Mey.,2,y,,,,
Carex media,Intermediate sedge,R. Br.,2,y,,,,
Carex micropoda,Small-footed sedge,C.A. Mey.,2,y,,,,
Carex nardina,Spikenard sedge,Fries,2,y,,,,
Carex nervina,Sierra nerved sedge,Bailey,2,y,,,,
Carex pelocarpa,Dusky-seed sedge,F.J. Herm.,2,y,,,,
Carex pluriflora,Many flowered sedge,Hulten,2,y,,,,
Carex praeceptorum,Teacher's sedge,Mackenzie,4,y,,,,
Carex retrorsa,Retrorse sedge,Schwein.,2,y,,,,
Carex saxatilis,Russet sedge,L.,2,y,,,,
Carex scabriuscula,Siskiyou sedge,Mackenzie,4,y,,,,
Carex scirpoidea ssp. stenochlaena,Alaskan single-spiked sedge,Michx.,2,y,,,,
Carex serratodens,Saw-tooth sedge,W. Boott,4,y,,,,
Carex subbracteata,Small-bract sedge,Mackenzie,2,y,,,,
Carex subnigricans,Dark alpine sedge,Stacey,2,y,,,,
Carex sychnocephala,Many-headed sedge,Carey,2,y,,,,
Carex tahoensis,Tahoe sedge,Smiley,2,y,,,,
Carex tiogana,Tioga Pass sedge,D. Taylor & J. Mastrogiuseppe,1,y,Carex capillaris capillaris,n,"Leave as-is, ORBIC name matches ORFlora.",Carex tiogana | Plants of the World Online | Kew Science
Carex vernacula,Native sedge,Bailey,2,y,,,,
Carex zikae,Short-stemmed sedge,H.E. Roalson & M.J. Waterway,2,y,,,,
Castilleja brevilobata,Short-lobed red-paintbrush,Piper,4,y,,,,
Castilleja chambersii,Chambers' paintbrush,J.M. Egger & R.J. Meinke,1,y,,,,
Castilleja chlorotica,Green-tinged paintbrush,Piper,1,y,,,,
Castilleja collegiorum,Collegial paintbrush,J.M. Egger & S. Malaby,1,y,,,,
Castilleja flava var. rustica,Rustic paintbrush,S. Wats.,2,y,,,,
Castilleja fraterna,Fraternal paintbrush,Greenm.,1,y,,,,
Castilleja levisecta,Golden paintbrush,Greenm.,1-ex,y,,,,
Castilleja lutea,Yellow paintbrush,Heller,3,y,Castilleja cusickii,"n, review in future","LKW: leave as-is for now, check ORFlora Vol 3 when published. NatureServe taxonomic comment (from 2019 or previous): Castilleja lutea has been included in Castilleja cusickii by modern authors. However, there is evidence that this species should be resurrected. A treatment that recognizes Castilleja lutea is reported to be forthcoming.",https://explorer.natureserve.org/Taxon/ELEMENT_GLOBAL.2.961335/Castilleja_lutea
Castilleja mendocinensis,Mendocino coast paintbrush,(Eastw.) Pennell,1,y,,,,
Castilleja oresbia,Pale Wallowa paintbrush,Greenm.,4,y,,,,
Castilleja rubida,Purple alpine paintbrush,Piper,1,y,,,,
Castilleja rupicola,Cliff paintbrush,Piper ex Fern.,4,y,,,,
Castilleja schizotricha,Split-hair paintbrush,Greenm.,2,y,,,,
Castilleja septentrionalis,Labrador paintbrush,Lindl.,3,y,,,,
Castilleja thompsonii,Thompson's paintbrush,Pennell,2,y,,,,
Caulanthus major,Slender wild cabbage,(M.E. Jones) Payson,2,y,,,,
Caulanthus pilosus,Hairy wild cabbage,S. Wats.,2,y,,,,
Cerastium beeringianum,Alpine chickweed,Cham. & Schlecht.,3,y,,,,
Ceratophyllum echinatum,Prickly hornwort,Gray,2-ex,y,,,,
Chaenactis cusickii,Cusick's chaenactis,Gray,4,y,,,,
Chaenactis macrantha,Large-flowered chaenactis,D.C. Eat.,4,y,,,,
Chaenactis nevii,Nevius' chaenactis,Gray,4,y,,,,
Chaenactis suffrutescens,Shasta pincushion,A. Gray,1,y,,,,
Chaenactis xantiana,Desert pincushion,Gray,2,y,,,,
Chaetadelpha wheeleri,Wheeler's skeleton-weed,A. Gray ex S. Watson,2,y,,,,
Chamaenerion latifolium,Broad-leaved willow-herb,(L.) Sweet,4,y,,,,
Cheilanthes covillei,Coville's lipfern,Maxon,2,y,Myriopteris covillei,y,"ORBIC name changed, matches ORFlora",https://phytokeys.pensoft.net/articles.php?id=1502
Cheilanthes feei,Fee's lipfern,T. Moore,2,y,Myriopteris gracilis,y,"ORBIC name changed, matches ORFlora",https://phytokeys.pensoft.net/articles.php?id=1502
Cheilanthes intertexta,Coastal lipfern,(Maxon) Maxon,2,y,Myriopteris intertexta,y,"ORBIC name changed, matches ORFlora",https://phytokeys.pensoft.net/articles.php?id=1502
Chenopodium nevadense,Nevada goosefoot,Standl.,3,y,,,,
Chlorocrambe hastata,Spearhead,(S. Wats.) Rydb.,1,y,,,,
Chlorogalum angustifolium,Narrow-leaved amole,Kellogg,2,y,,,,
Chloropyron maritimum ssp. palustre,Pt. Reyes bird's-beak,(Nutt. ex Benth.) A. Heller,1,y,,,,
Chorizanthe brevicornu var. spathulata,Brittle spineflower,Torr.,3,y,,,,
Chylismiella pterosperma,Wing seeded evening primrose,(S. Watson) W.L. Wagner & Hoch,3,y,,,,
Cicendia quadrangularis,Timwort,(Lam.) Griseb.,2,y,,,,
Cicuta bulbifera,Bulb-bearing water-hemlock,L.,2-ex,y,,,,
Cimicifuga elata var. alpestris,Mountain tall bugbane,Nutt.,4,y,Actaea elata alpestris,"y, needs review","[LKW: change genus to Actaea but leave ssp. as-is. Elevating to full species as OregonFlora does would mean dropping both from our list, most likely; review needed. potentially agency data not in Biotics] This one was weird, Cimicifuga isn't in iNat but was able to find them under Actaea",
Cimicifuga elata var. elata,Tall bugbane,Nutt.,3,y,Actaea elata elata,"y, needs review","[LKW: change genus to Actaea but leave ssp. as-is. Elevating to full species as OregonFlora does would mean dropping both from our list, most likely; review needed. lots of agency data not in Biotics] This one was weird, same as above. This one also had the common name under Actaea elata, but also has A. elata elata as a variety option",
Cimicifuga laciniata,Mt. Hood bugbane,S. Wats.,1,y,Actaea laciniata,y,"ORBIC name changed, matches ORFlora",
Cirsium ciliolatum,Ashland thistle,(Henderson) J.T. Howell,4,y,,,,
Cirsium occidentale var. venustum,Venus thistle,(Nutt.) Jepson,3,y,,,,
Cirsium scariosum var. robustum,Stemless thistle,Nutt.,3,y,,,,
Clarkia heterandra,Small-fruit clarkia,(Torr.) Lewis & Raven,4,y,,,,
Claytonia nevadensis,Sierra spring-beauty,S. Wats.,4,y,,,,
Clintonia andrewsiana,Andrew's bead-lily,Torr.,2-ex,y,,,,
Cochlearia groenlandica,Scurvygrass,L.,2,y,,,,
Coleanthus subtilis,Moss grass,(Tratt.) Seidel,2,y,,,,
Collomia larsenii,Talus collomia,(Gray) Payson,4,y,,,,
Collomia mazama,Mt. Mazama collomia,Coville,1,y,,,,
Collomia renacta,Barren Valley collomia,E. Joyal,1,y,,,,
Collomia tenella,Diffuse collomia,Gray,3,y,,,,
Comastoma tenellum,Slender gentian,(Rottb.) Toyokuni,2,y,,,,
Conioselinum scopulorum,Rocky Mountain hemlock parsley,(Gray) Coult. & Rose,3,y,,,,
Coptis trifolia,Three-leaf goldthread,(L.) Salisb.,2,y,,,,
Corallorhiza wisteriana,Spring coral-root,Conrad,2-ex,y,,,,
Corydalis aquae-gelidae,Cold-water corydalis,M.E. Peck & Wilson,1,y,Cordyalis caseana aquae-gelidae,n,Apparently a synonym,Corydalis caseana ssp. aquae-gelidae (Coldwater fumewort) | Native Plants of North America
Crassula connata,Sand pygmyweed,(Ruiz & Pavon) Berger,3,y,,,,
Crassula solieri,Solieri's pygmyweed,(C. Gay) Meigen,2,y,,,,
Cressa truxillensis,Spreading alkali weed,Kunth,3,y,,,,
Cryptantha echinella,Prickly cryptantha,Greene,3,y,,,,
Cryptantha gracilis,Narrow-stem cat's-eye,Osterhout,2,y,,,,
Cryptantha grandiflora,Clearwater cryptantha,Rydb.,1,y,,,,
Oreocarya humilis,Low cryptantha,(Gray) Payson,3,y,,,,
Cryptantha leiocarpa,Seaside cryptantha,(Fisch. & C.A. Mey.) Greene,2,y,,,,
Cryptantha milo-bakeri,Milo Baker's cryptantha,I.M. Johnston,2,y,Cryptantha milobakeri,y,"ORBIC name changed, matches ORFlora",
Cryptantha rostellata,Beaked cryptantha,(Greene) Greene,3,y,,,,
Cryptantha simulans,Pine woods cryptantha,Greene,2,y,,,,
Cryptogramma stelleri,Steller's rock-brake,(Gmel.) Prantl,2,y,,,,
Cuscuta cephalanthi,Buttonbush dodder,Engelm.,3,y,,,,
Cymopterus glomeratus var. glomeratus,Greeley's cymopterus,(Nutt.) DC.,3,y,,"n, needs review","ORBIC left as-is for now, taxonomically confusing, see ORBIC list notes. There is another species worth investigating, Cymopterus glomeratus greeleyorum, that is in Oregon whereas C. glomeratus glomeratus is only observed in Utah, Wyoming and Colorado",
Cymopterus longipes var. ibapensis,Ibapah wavewing,S. Wats.,2,y,,,,
Cymopterus nivalis,Snowline cymopterus,S. Wats.,2,y,,,,
Cymopterus purpurascens,Purple cymopterus,(Gray) M.E. Jones,2,y,Vesper purpurascens,n,"leave ORBIC name as-is, matches ORFlora. POWO claims homotypic synonym",Vesper purpurascens (A.Gray) R.L.Hartm. & G.L.Nesom | Plants of the World Online | Kew Science
Cyperus acuminatus,Short-pointed cyperus,Torr. & Hook. ex Torr.,2,y,,,,
Cyperus lupulinus ssp. lupulinus,Great Plains flatsedge,(Spreng.) Marcks,2,y,,,,
Cypripedium californicum,California lady's-slipper,Gray,4,y,,,,
Cypripedium fasciculatum,Clustered lady's-slipper,Kellogg ex S. Wats.,2,y,,,,
Cypripedium montanum,Mountain lady's-slipper,Dougl. ex Lindl.,4,y,,,,
Danthonia spicata,Poverty oatgrass,(L.) Beauv. ex Roemer & J.A. Schultes,2,y,,,,
Darlingtonia californica,California pitcher-plant,Torr.,4,y,,,,
Delphinium leucophaeum,White rock larkspur,Greene,1,y,,,,
Delphinium nudicaule,Red larkspur,Torr. & Gray,2,y,,,,
Delphinium nuttallii,Nuttall's larkspur,Gray,2,y,,,,
Delphinium oreganum,Willamette Valley larkspur,Howell,1,y,,,,
Delphinium pavonaceum,Peacock larkspur,Ewan,1,y,,,,
Dicentra formosa ssp. oregana,Oregon bleedingheart,(Andr.) Walp.,4,y,,,,
Dicentra pauciflora,Few-flowered bleedingheart,S. Wats.,2,y,,,,
Dichelostemma ida-maia,Firecracker flower,(Wood) Greene,4,y,,,,
Diphasiastrum complanatum,Ground cedar,(L.) Holub,2,y,,,,
Diplacus aurantiacus,Bush monkeyflower,(W. Curtis) Jepson,3,y,,,,
Diplacus bolanderi,Bolander's monkeyflower,(A. Gray) G.L. Nesom,2,y,,,,
Diplacus clivicola,Bank monkeyflower,(Greenm.) G.L. Nesom,4,y,,,,
Diplacus congdonii,Congdon's monkeyflower,(B.L. Rob.) G.L. Nesom,2,y,,,,
Diplacus douglasii,Douglas' monkeyflower,(Benth.) G.L. Nesom,4,y,,,,
Diplacus jepsonii,Jepson's monkeyflower,(A.L. Grant) G.L. Nesom,4,y,,,,
Diplacus kelloggii,Kellogg's monkeyflower,(Curran ex Greene) G.L. Nesom,4,y,,,,
Diplacus tricolor,Three-colored monkeyflower,(Hartweg ex Lindl.) G.L. Nesom,2,y,,,,
Dodecatheon austrofrigidum,Frigid shootingstar,K.L. Chambers,1,y,,,,
Dodecatheon pulchellum var. shoshonense,Darkthroat shootingstar,(Raf.) Merr.,2,y,Primula pauciflora var. shoshonensis,n,"Leave as-is, ORBIC name matches ORFlora.",Dodecatheon pulchellum var. shoshonense (A.Nelson) Reveal | Plants of the World Online | Kew Science
Douglasia laevigata,Dwarf primrose,Gray,3,y,Androsace laevigata,n,"Leave as-is, ORBIC name matches ORFlora.",Androsace laevigata (A.Gray) Wendelbo | Plants of the World Online | Kew Science
Draba aureola,Golden alpine draba,S. Wats.,4,y,,,,
Draba cusickii,Cusick's draba,B.L. Robins. ex O.E. Schulz,4,y,,,,
Draba cyclomorpha,Wallowa draba,Payson,4,y,,,,
Draba howellii,Howell's whitlow-grass,S. Wats.,2,y,,,,
Draba incerta,Yellowstone draba,Payson,3,y,,,,
Draba oligosperma,Few-seed whitlow-grass,Hook.,3,y,,,,
Dracocephalum parviflorum,American dragonhead,Nutt.,2,y,,,,
Dryas drummondii,Yellow mountain-avens,Richards. ex Hook.,4,y,,,,
Dryopteris filix-mas,Male fern,(L.) Schott,4,y,,,,
Eatonella nivea,White eatonella,(D.C. Eat.) Gray,4,y,,,,
Elatine brachysperma,Short-seeded waterwort,Gray,2,y,,,,
Eleocharis bolanderi,Bolander's spikerush,Gray,2,y,,,,
Eleocharis decumbens,Decumbent spikerush,C.B. Clarke,3,y,,,,
Elmera racemosa var. racemosa,Yellow coralbells,(S. Wats.) Rydb.,4,y,,,,
Elodea nuttallii,Nuttall's waterweed,(Planch.) St. John,3,y,,,,
Elymus canadensis var. canadensis,Canada wildrye,L.,3,y,,,,
Elymus glaucus ssp. virescens,Smooth wildrye,Buckl.,2,y,,,,
Elymus hirsutus,Hairy wildrye,J. Presl,2,y,,,,
Elymus lanceolatus ssp. psammophilus,Sand-dune wild-rye,(Scribn. & J.G. Sm.) Gould,3,y,,,,
Enemion occidentale,Western false rue-anemone,(Hook. & Arn.) Drumm. & Hutchinson,2,y,,,,
Enemion stipitatum,Dwarf isopyrum,(Gray) Drumm. & Hutchinson,4,y,,,,
Epilobium leptocarpum,Low willowherb,Hausskn.,3,y,,,,
Epilobium luteum,Yellow willow-herb,Pursh,4,y,,,,
Epilobium oreganum,Oregon willow-herb,Greene,1,y,,,,
Epilobium palustre,Swamp willow-herb,L.,2,y,,,,
Epilobium rigidum,Rigid willow-herb,Hausskn.,4,y,,,,
Epilobium siskiyouense,Siskiyou willow-herb,(Munz) Hoch & Raven,1,y,,,,
Eragrostis lutescens,Yellow lovegrass,Scribn.,2,y,,,,
Eremothera boothii ssp. boothii,Booth evening-primrose,(Douglas) W.L. Wagner & Hoch,4,y,,,,
Eremothera minor,Small flowered evening primrose,(A. Nelson) W.L. Wagner & Hoch,3,y,,,,
Eremothera pygmaea,Dwarf evening-primrose,(Dougl.) W.L. Wagner & Hoch,1,y,,,,
Ericameria arborescens,Golden fleece,(Gray) Greene,2,y,,,,
Ericameria discoidea,Discoid goldenweed,(Nutt.) Nesom,4,y,,,,
Erigeron cascadensis,Cascade daisy,Heller,4,y,,,,
Erigeron cervinus,Siskiyou daisy,Greene,2,y,,,,
Erigeron davisii,Engelmann's daisy,(Cronquist) G. L. Nesom,2,N,"Erigeron disparipilus, E. davisii may not be in iNaturalist","n, needs review","ORBIC needs to review; if syn. E. disparipilus may need to drop or adjust rank and list. E. disparipilus relates to E. engelmannii davisii, which NatureServe says is a synonym to E. davisii. POWO says E. davisii a heterotopic synonym to E. disparipilus","Erigeron davisii | NatureServe Explorer
https://powo.science.kew.org/taxon/urn:lsid:ipni.org:names:93714-2#synonyms"
Erigeron decumbens,Willamette Valley daisy,Nutt.,1,y,,,,
Erigeron disparipilus,White cushion erigeron,Cronq.,2,y,,"n, needs review",See reference notes for E. davisii. Searching E. davisii brought up this one instead. ,
Erigeron howellii,Howell's daisy,Gray,1,y,,,,
Erigeron klamathensis,Klamath daisy,(Nesom) Nesom,2,y,,,,
Erigeron latus,Broad fleabane,(A. Nels. & J.F. Macbr.) Cronq.,2,y,,,,
Erigeron oreganus,Oregon daisy,Gray,1,y,,,,
Erigeron peregrinus var. peregrinus,Wandering daisy,(Banks ex Pursh) Greene,2,y,,,,
Erigeron petrophilus,Cliff daisy,Greene,2,y,,,,
Erigeron stanselliae,Stansell's daisy,K.L. Chambers,1,y,,,,
Erigeron tener,Tender fleabane,Gray,2,y,,,,
Erigeron vagus,Rambling fleabane,Payson,3,y,,,,
Eriocoma hendersonii,Henderson ricegrass,(Vasey) Romasch.,1,y,,,,
Eriocoma nevadensis,Nevada needlegrass,(B.L. Johnson) Romasch.,2,y,,,,
Eriocoma pinetorum,Pine needlegrass,(M.E. Jones) Romasch.,3,y,,,,
Eriocoma richardsonii,Richardson's needlegrass,(Link) Romasch.,2,y,,,,
Eriocoma wallowaensis,Wallowa ricegrass,(J. Maze & K. Robson) Romasch.,1,y,,,,
Eriocoma webberi,Webber needlegrass,Thurb.,4,y,,,,
Eriodictyon lobbii,Lobb's nama,(A. Gray) Greene,4,y,Nama lobbii,n,"Leave as-is, ORBIC name matches ORFlora.",Eriodictyon lobbii Greene | Plants of the World Online | Kew Science
Eriogonum brachyanthum,Short-flowered eriogonum,Coville,2,y,,,,
Eriogonum calcareum,Ochre-flowered buckwheat,(S.Stokes) Grady & Reveal,4,y,,,,
Eriogonum chrysops,Golden buckwheat,Rydb.,1,y,,,,
Eriogonum crosbyae var. crosbyae,Crosby's buckwheat,Reveal,1,y,Eriogonum crosbyae,n,"Specific variety not in iNaturalist, but since we want both varieties of E. crosbyae added at the species level to capture both",
Eriogonum crosbyae var. mystrium,Pueblo Mountains Buckwheat,Reveal,1,y,Eriogonum crosbyae,n,See above cell,
Eriogonum cusickii,Cusick's eriogonum,M.E. Jones,1,y,,,,
Eriogonum diclinum,Jaynes Canyon buckwheat,Reveal,4,y,,,,
Eriogonum douglasii var. meridionale,Southern wild buckwheat,Benth.,3,y,,,,
Eriogonum elatum var. villosum,Tall wooly buckwheat,Dougl. ex Benth.,3,y,,,,
Eriogonum hookeri,Hooker's wild buckwheat,S. Wats.,2,y,,,,
Eriogonum lobbii,Lobb's buckwheat,Torr. & Gray,2,y,,,,
Eriogonum nudum var. paralinum,Del Norte buckwheat,Dougl. ex Benth.,3,y,,,,
Eriogonum nutans,Spreading eriogonum,Torr. & Gray,3,y,,,,
Eriogonum pendulum,Waldo buckwheat,S. Wats.,4,y,,,,
Eriogonum prociduum,Prostrate buckwheat,Reveal,1,y,,,,
Eriogonum roseum,Wand buckwheat,Dur. & Hilg.,3,y,,,,
Eriogonum salicornioides,Playa buckwheat,Gandog.,2,y,,,,
Eriogonum scopulorum,Cliff buckwheat,Reveal,4,y,,,,
Eriogonum thymoides,Thyme-leaved buckwheat,Benth.,2,y,,,,
Eriogonum umbellatum var. glaberrimum,Green buckwheat,Torr.,1,y,,,,
Eriogonum villosissimum,Acker Rock wild buckwheat,Reveal & D.A. York,1,y,,,,
Eriophorum angustifolium,Many-spiked cotton-grass,Honckeny,4,y,,,,
Eriophorum chamissonis,Russet cotton-grass,C.A. Mey.,2,y,,,,
Eriophyllum lanatum var. grandiflorum,Large-flower eriophyllum,(Pursh) Forbes,3,y,,,,
Eritrichium nanum var. elongatum,Pale alpine-forget-me-not,(Vill.) Schrad. ex Gaudin,4,y,Eritrichium argenteum,n,"Leave as-is, ORBIC name matches ORFlora.",Eritrichium argenteum W.Wight | Plants of the World Online | Kew Science
Erysimum concinnum,Pacific wallflower,Eastw.,2,y,,,,
Erysimum inconspicuum,Small wallflower,(S. Wats.) MacM.,3,y,,,,
Erythranthe hymenophylla,Membrane-leaved monkeyflower,(Meinke) G.L. Nesom,1,y,,,,
Erythranthe inflatula,Disappearing monkeyflower,(Suksdorf) Nesom,1,y,,,,
Erythranthe jungermannioides,Hepatic monkeyflower,(Suksdorf) G.L. Nesom,4,y,,,,
Erythranthe latidens,Broad-toothed monkeyflower,(A. Gray) G.L. Nesom,2,y,,,,
Erythranthe patula,Stalked-leaved monkeyflower,(Pennell) G.L. Nesom,3,y,,,,
Erythranthe scouleri,Scouler's monkeyflower,(Hook.) G.L. Nesom,3,y,,,,
Erythronium elegans,Coast Range fawn-lily,Hammond & Chambers,1,y,,,,
Erythronium howellii,Howell's adder's-tongue,S. Wats.,1,y,,,,
Erythronium revolutum,Pink fawn-lily,Sm.,4,y,,,,
Eschscholzia caespitosa,Gold poppy,Benth.,2,y,,,,
Doellingeria breweri,Brewer's aster,(Gray) Nesom,3,y,,,,
Doellingeria gormanii,Gorman's aster,Piper,1,y,,,,
Eucephalus vialis,Wayside aster,Bradshaw,1,y,Doellingeria vialis,y,"ORBIC name changed, matches ORFlora","Doellingeria vialis (Bradshaw) Semple, Brouillet & G.A.Allen | Plants of the World Online | Kew Science"
Euonymus occidentalis,Western wahoo,Nutt. ex Torr.,4,y,,,,
Eurybia merita,Arctic aster,(A. Nels.) Nesom,3,y,,,,
Festuca brachyphylla,Alpine fescue,J.A. Schultes ex J.A. & J.H. Schultes,4,y,,,,
Festuca elmeri,Elmer's fescue,Scribn. & Merr.,4,y,,,,
Festuca rubra ssp. mediana,Median red fescue,L.,3,n,Not in iNaturalist,n,"in ORFlora. skip for now, F. rubra taxonomy unsettled",
Festuca rubra ssp. secunda,Leaning red fescue,L.,3,y,,,,
Filipendula occidentalis,Queen-of-the-forest,(S. Wats.) T.J. Howell,1,y,,,,
Frasera umpquaensis,Umpqua swertia,Peck & Applegate,1,y,,,,
Fritillaria camschatcensis,Indian rice,(L.) Ker-Gawl.,2,y,,,,
Fritillaria gentneri,Gentner's fritillaria,Gilkey,1,y,,,,
Fritillaria glauca,Siskiyou fritillaria,Greene,4,y,,,,
Fritillaria purdyi,Purdy's fritillaria,Eastw.,2,y,,,,
Gagea serotina,Alp lily,(L.) Ker Gawl.,3,y,,,,
Galium californicum ssp. californicum,California bedstraw,Hook. & Arn.,3,y,,,,
Galium grayanum var. nanum,Gray's bedstraw,Ehrend.,3,y,,,,
Galium muricatum,Humboldt bedstraw,W. Wight,3,y,,,,
Galium porrigens var. porrigens,Climbing bedstraw,Dempster,3,y,,,,
Galium serpenticum ssp. warnerense,Warner Mountain bedstraw,Dempster,1,y,,,,
Gentiana newberryi var. newberryi,Newberry's gentian,Gray,2,y,,,,
Gentiana plurisetosa,Bristly gentian,C.T. Mason,1,y,,,,
Gentiana prostrata,Moss gentian,Haenke,2,y,,,,
Gentiana setigera,Waldo gentian,Gray,1,y,,,,
Gentianella propinqua,Four-part gentian,(Richards.) J. Gillett,2,y,,,,
Geum rossii var. turbinatum,Slender-stemmed avens,(R. Br.) Ser.,2,y,,,,
Gilia capitata ssp. chamissonis,Dune gilia,Sims,1,y,,,,
Gilia millefoliata,Seaside gilia,Fisch. & C.A. Mey.,1,y,,,,
Glyptopleura marginata,White-margined waxplant,D.C. Eat.,4,y,,,,
Gratiola heterosepala,Boggs Lake hedge-hyssop,Mason & Bacig.,1,y,,,,
Greeneochloa tweedyi,Tweedy's reedgrass,"(Scribn.) P.M. Peterson, Soreng, Romasch, & Barberá",2,y,,,,
Grindelia nana var. discoidea,Columbia gumplant,Nutt.,3,y,,,,
Hackelia bella,Beautiful stickseed,(J.F. Macbr.) I.M. Johnston,2,y,,,,
Hackelia cronquistii,Cronquist's stickseed,J.L. Gentry,1,y,,,,
Hackelia diffusa var. cottonii,Creamy stickseed,(Lehm.) I.M. Johnston,4,y,,,,
Hackelia diffusa var. diffusa,Diffuse stickseed,(Lehm.) I.M. Johnston,4,y,,,,
Hackelia mundula,Pink stickseed,(Jepson) Ferris,2,y,,,,
Hackelia ophiobia,Three Forks stickseed,R.L. Carr,2,y,,,,
Hackelia patens var. patens,Spreading stickseed,(Nutt.) I.M. Johnston,4,y,,,,
Hastingsia bracteosa var. atropurpurea,Purple flowered rush-lily,S. Wats.,1,y,Hastingsia atropurpurea,n,"Leave as-is, ORBIC name matches ORFlora.",Hastingsia atropurpurea Becking | Plants of the World Online | Kew Science
Hastingsia bracteosa var. bracteosa,Large-flowered rush-lily,S. Wats.,1,y,Hastingsia bracteosa,n,"Leave as-is, ORBIC name matches ORFlora.",
Hazardia whitneyi var. discoidea,Whitney's haplopappus,(Gray) Greene,4,y,,,,
Helenium puberulum,Rosilla,DC.,3,y,,,,
Helianthella californica var. nevadensis,California helianthella,Gray,2-ex,y,,,,
Helianthella quinquenervis,Nodding helianthella,(Hook.) Gray,3,y,,,,
Helianthella uniflora var. uniflora,Rocky Mountain helianthella,(Nutt.) Torr. & Gray,3,no,Helianthella uniflora,n,"iNat does not recognize var. per POWO. ORBIC name left as-is, matches ORFlora.",
Helianthus bolanderi,Bolander's sunflower,Gray,2,y,,,,
Helianthus nuttallii,Nuttall's sunflower,Torr. & Gray,3,y,,,,
Heliotropium curassavicum,Salt heliotrope,L.,2,y,,,,
Hesperevax sparsiflora var. brevifolia,Short-leaved evax,(Gray) Greene,3,y,,,,
Hesperocyparis bakeri,Baker's cypress,(Jeps.) Bartel,2,y,,,,
Heuchera grossulariifolia var. tenuifolia,Thin-leaved alumroot,Rydb.,4,no,Not in iNat,n,"in ORFlora. skip adding to iNat, vars not recognized in all flora",
Heuchera merriamii,Merriam alumroot,Eastw.,4,y,,,,
Hieracium greenei,Greene's hawkweed,Gray,3,y,,,,
Hieracium horridum,Shaggy hawkweed,Fries,2,y,,,,
Hieracium longiberbe,Long-bearded hawkweed,T.J. Howell,4,y,,,,
Hieracium umbellatum,Umbellate hawkweed,L.,2,y,,,,
Hierochloe odorata,Holy grass,(L.) Beauv.,4,y,Anthoxanthum nitens,n,"Leave as-is, ORBIC name matches ORFlora.","Anthoxanthum nitens (sweetgrass, vanilla sweet grass): Go Botany"
Horkelia congesta ssp. congesta,Shaggy horkelia,Dougl. ex Hook.,1,y,,,,
Horkelia daucifolia ssp. daucifolia,Carrotleaf horkelia,(Greene) Rydb.,3,y,,,,
Horkelia hendersonii,Henderson's horkelia,T.J. Howell,1,y,,,,
Horkelia howellii,Howell's horkelia,(Greene) Rydberg,3,y,,,,
Horkelia tridentata ssp. flavescens,Pale horkelia,Torr.,3,y,,,,
Horkelia tridentata ssp. tridentata,Three-toothed horkelia,Torr.,2,y,,,,
Howellia aquatilis,Howellia,Gray,1,y,,,,
Hulsea algida,Alpine hulsea,Gray,4,y,,,,
Huperzia miyoshiana,Pacific fir-moss,(Makino) Ching,2,y,,,,
Huperzia occidentalis,Fir club-moss,(Clute) Kartesz & Gandhi,4,y,,,,
Hydrocotyle verticillata,Whorled marsh pennywort,Thunb.,2,y,,,,
Hymenoxys cooperi var. canescens,Cooper's goldflower,(Gray) Cockerell,2,y,,,,
Iliamna bakeri,Baker's globe-mallow,(Jepson) Wiggins,4,y,,,,
Iliamna latibracteata,California globe-mallow,Wiggins,1,y,,,,
Impatiens ecornuta,Spurless jewelweed,"Gerry Moore, Zika & Rushworth",2,y,,,,
Ipomopsis tenuituba,Rydberg's gilia,(Rydb.) V. Grant,2,y,,,,
Iris tenax var. gormanii,Gorman's iris,Dougl. ex Lindl.,1,y,,,,
Isoetes minima,Midget quillwort,A.A. Eat.,1,y,,,,
Ivesia rhypara var. rhypara,Grimy ivesia,Ertter & Reveal,1,y,,,,
Ivesia rhypara var. shellyi,Shelly's ivesia,Ertter & Reveal,1,y,,,,
Ivesia shockleyi,Shockley's ivesia,S. Wats.,2,y,,,,
Juncus bryoides,Mosslike dwarf rush,F.J. Herm.,2,y,,,,
Juncus capillaris,Hairstemmed rush,F.J. Herm.,2,y,,,,
Juncus hemiendytus var. abjectus,Least rush,F.J. Herm.,2,y,,,,
Juncus interior,Interior rush,Wieg.,2,y,,,,
Juncus kelloggii,Kellogg's dwarf rush,Engelm.,2,y,,,,
Juncus mexicanus,Mexican rush,Willd. ex J.A. & J.H. Schultes,2,y,Juncus balticus mexicanus,n,"Leave as-is, ORBIC name matches ORFlora.",https://powo.science.kew.org/taxon/urn:lsid:ipni.org:names:1012261-2
Juncus tiehmii,Tiehm's rush,Ertter,2,y,,,,
Juncus triglumis var. albescens,Three-flowered rush,L.,2,y,,,,
Juncus uncialis,Inch-high rush,Greene,2,y,,,,
Kalmiopsis fragrans,North Umpqua kalmiopsis,Meinke & Kaye,1,y,,,,
Kalmiopsis leachiana,Kalmiopsis,(Henderson) Rehd.,4,y,,,,
Keckiella lemmonii,Bush beardtongue,(Gray) Straw,2,y,,,,
Kobresia myosuroides,Bellard's kobresia,(Vill.) Fiori,2,y,Carex myosuroides,n,"Leave as-is, ORBIC name matches ORFlora.",Carex myosuroides Vill. | Plants of the World Online | Kew Science
Kobresia simpliciuscula,Simple kobresia,(Wahlenb.) Mackenzie,2,y,Carex simpliciuscula,n,"Leave as-is, ORBIC name matches ORFlora.",Carex simpliciuscula Wahlenb. | Plants of the World Online | Kew Science
Langloisia setosissima ssp. punctata,Punctate langloisa,(Torr. & Gray ex Torr.) Greene,3,y,,,,
Lasthenia ornduffii,Large-flowered goldfields,R. Chan,1,y,,,,
Lathrocasis tenerrima,Delicate gilia,(Gray) L.A. Johnson,3,y,,,,
Lathyrus holochlorus,Thin-leaved peavine,(Piper) C.L. Hitchc.,1,y,,,,
Lathyrus lanszwertii var. tracyi,Tracy's peavine,Kellogg,4,y,,,,
Lathyrus littoralis,Beach peavine,(Nutt.) Endl.,3,y,,,,
Lemna valdiviana,Valdivia duckweed,Phil.,3,y,,,,
Lepidium acutidens,Veiny peppergrass,(Gray) Howell,3,y,,,,
Lepidium davisii,Davis' peppergrass,Rollins,1,y,,,,
Lepidium dictyotum,Alkali peppergrass,Gray,2,y,,,,
Lepidium montanum,Mountain pepperweed,Nutt.,3,y,,,,
Leucothoe davisiae,Sierra laurel,Torr. ex Gray,4,y,,,,
Lewisia columbiana var. columbiana,Columbia lewisia,(T.J. Howell ex Gray) B.L. Robins.,2,y,,,,
Lewisia columbiana var. rupicola,Rosy lewisia,(T.J. Howell ex Gray) B.L. Robins.,2,y,,,,
Lewisia cotyledon var. howellii,Howell's lewisia,(S. Wats.) B.L. Robins.,4,y,,,,
Lewisia leeana,Lee's lewisia,(Porter) B.L. Robins.,2,y,,,,
Lewisia oppositifolia,Opposite-leaved lewisia,(S. Wats.) B.L. Robins.,4,y,,,,
Leymus flavescens,Sand wildrye,(Scribn. & J.G. Sm.) Pilger,2,y,,,,
Ligusticum filicinum,Fern-leaf lovage,S. Wats.,3,y,,,,
Lilium kelloggii,Kellogg's lily,Purdy,2,y,,,,
Lilium occidentale,Western lily,Purdy,1,y,,,,
Limnanthes alba ssp. gracilis,Slender meadow-foam,Hartw. ex Benth.,1,y,,,,
Limnanthes floccosa ssp. bellingeriana,Bellinger's meadow-foam,T.J. Howell,1,y,,,,
Limnanthes pumila ssp. grandiflora,Big-flowered wooly meadow-foam,Howell,1,y,,,,
Limnanthes pumila ssp. pumila,Dwarf wooly meadow-foam,Howell,1,y,,,,
Limonium californicum,Western marsh-rosemary,(Boiss.) Heller,2,y,,,,
Limosella acaulis,Owyhee mudwort,Sesse & Moc.,3,y,,,,
Lipocarpha aristulata,Aristulate lipocarpha,(Coville) G. Tucker,2,no,Not in iNat,n,check back with iNat on this later; their C. subsquarrosus may also include L. aristulata. ORFlora recognizes three Lipocarpha species in Oregon.,
Lipocarpha micrantha,Small-flowered lipocarpha,(Vahl) G. Tucker,2,y,Cyperus subsquarrosus,n,check back with iNat on this later; their C. subsquarrosus may also include L. aristulata. ORFlora recognizes three Lipocarpha species in Oregon.,Cyperus subsquarrosus (Muhl.) Bauters | Plants of the World Online | Kew Science
Lipocarpha occidentalis,Western halfchaff sedge,(Gray) G. Tucker,2,y,Cyperus hemioccidentalis,n,check back with iNat on this later; ORFlora recognizes three Lipocarpha species in Oregon.,https://powo.science.kew.org/taxon/urn:lsid:ipni.org:names:77140477-1
Listera borealis,Northern twayblade,Morong,2,y,Neottia borealis,y,"ORBIC name changed, matches ORFlora",http://www.theplantlist.org/tpl1.1/record/kew-134182
Lobelia dortmanna,Water lobelia,L.,2,y,,,,
Loeflingia squarrosa,Spreading-leaved loeflingia,Nutt.,3,y,,,,
Lomatium bentonitum,Bentonite biscuitroot,K. Carlson & D. Mansfield,1,y,,,,
Lomatium bradshawii,Bradshaw's lomatium,(Rose ex Mathias) Mathias & Constance,1,y,,,,
Lomatium cookii,Agate Desert lomatium,J.S. Kagan,1,y,,,,
Lomatium engelmannii,Engelmann's desert-parsley,Mathias,2,y,,,,
Lomatium erythrocarpum,Red-fruited lomatium,Meinke & Constance,1,y,,,,
Lomatium farinosum var. hambleniae,Hamblen's lomatium,(Hook.) Coult. & Rose,4,y,,,,
Lomatium filicinum,Basalt desert parsley,(M.E. Jones) Mansfield & M. Stevens,1,y,,,,
Lomatium foeniculaceum var. fimbriatum,Fringed desert-parsley,(Nutt.) Coult. & Rose,2,y,,,,
Lomatium greenmanii,Greenman's lomatium,Mathias,1,y,,,,
Lomatium klickitatense,Klickitat biscuitroot,J.A. Alexander & W. Whaley,1,y,,,,
Lomatium laevigatum,Smooth desert parsley,(Nutt.) Coult. & Rose,4,y,,,,
Lomatium ochocense,Ochoco lomatium,Helliwell & Constance ex Helliwell,1,y,,,,
Lomatium packardiae,Packard's lomatium,Cronq.,3,y,,,,
Lomatium pastorale,Meadow lomatium,Darrach & D.H. Wagner,1,y,,,,
Lomatium rollinsii,Rollins' lomatium,Mathias & Constance,4,y,,,,
Lomatium serpentinum,Snake Canyon desert-parsley,(M.E. Jones) Mathias,3,y,,,,
Lomatium suksdorfii,Suksdorf's lomatium,(S. Wats.) Coult. & Rose,1,y,,,,
Lomatium tarantuloides,Spider biscuitroot,Darrach & Hinchliff,1,y,,,,
Lomatium watsonii,Watson's desert-parsley,(Coult. & Rose) Coult. & Rose,2,y,,,,
Lotus stipularis,Stipuled trefoil,(Benth.) Greene,2,y,Hosackia stipularis,y,"ORBIC name changed, matches ORFlora","https://www.calflora.org/app/taxon?crn=5075
http://www.theplantlist.org/tpl1.1/record/ild-14338"
Luina serpentina,Colonial luina,Cronq.,1,y,,,,
Lupinus biddlei,Biddle's lupine,Henderson ex C.P. Sm.,4,skip,Lupinus prunophilus,"n, review?","taxonomic issues; ORBIC kept this name in 2016 review on Severns' suggestion, but could review again. L. prunophilus has a wider distribution than L. biddlei (Harney/Malheur only) so keep of iNaturalist list",Hairy Bigleaf Lupine (Lupinus prunophilus) · iNaturalist
Lupinus breweri var. breweri,Brewer's lupine,Gray,4,y,,,,
Lupinus lepidus var. ashlandensis,Mt. Ashland lupine,Dougl. ex Lindl.,1,y,,,,
Lupinus lepidus var. cusickii,Cusick's lupine,Dougl. ex Lindl.,1,y,,,,
Lupinus nevadensis,Nevada lupine,Heller,2,y,,,,
Lupinus oreganus,Kincaid's lupine,Heller,1,y,,,,
Lupinus tracyi,Tracy's lupine,Eastw.,2,y,,,,
Luzula orestera,Sierra woodrush,C.W. Sharsmith,2,y,,,,
Lycopodiella inundata,Northern bog clubmoss,(L.) Holub,2,y,,,,
Lycopodium annotinum,Stiff clubmoss,L.,4,y,Spinulum annotinum,n,"Leave as-is, ORBIC name matches ORFlora.",Lycopodium annotinum L. | Plants of the World Online | Kew Science
Lysimachia ciliata,Fringed loosestrife,L.,3,y,,,,
Malacothrix glabrata,Smooth malacothrix,(D.C. Eat. ex Gray) Gray,4,y,,,,
Malacothrix sonchoides,Sow-thistle desert-dandelion,(Nutt.) Torr. & Gray,2,y,,,,
Malacothrix stebbinsii,Stebbins desert-dandelion,W.S. Davis & Raven,2,y,,,,
Malacothrix torreyi,Torrey's malacothrix,Gray,4,y,,,,
Marsilea vestita,Hairy water-fern,Hook. & Grev.,3,y,,,,
Matricaria occidentalis,Valley pineapple weed,Greene,3,y,,,,
Meconella oregana,White meconella,Nutt.,1,y,,,,
Melica smithii,Smith's melicgrass,(Porter ex Gray) Vasey,2,y,,,,
Melica stricta,Nodding melicgrass,Boland.,2,y,,,,
Mentzelia congesta,United blazingstar,Nutt. ex Torr. & Gray,2,y,,,,
Mentzelia mollis,Smooth mentzelia,M.E. Peck,1,y,,,,
Mentzelia packardiae,Packard's mentzelia,Glad.,1,y,,,,
Micranthes apetala,Bald headed saxifrage,(Piper) Small,3,y,,,,
Micranthes hitchcockiana,Saddle Mt. saxifrage,(Elvander) Brouillet & Gornall,1,y,,,,
Microseris bigelovii,Coast microseris,(Gray) Schultz-Bip.,2,y,,,,
Microseris douglasii ssp. douglasii,Douglas' microseris,(DC.) Schultz-Bip.,2-ex,y,,,,
Microseris howellii,Howell's microseris,Gray,4,y,,,,
Microseris laciniata ssp. detlingii,Detling's microseris,(Hook.) Schultz-Bip.,4,y,,,,
Mirabilis laevis var. retrorsa,Bigelow's four-o'clock,(Benth.) Curran,2,y,,,,
Mirabilis macfarlanei,Macfarlane's four-o'clock,Constance & Rollins,1,y,,,,
Monardella angustifolia,Narrow-leaved monardella,"Elvin, Ertter & Mansfield",1,y,,,,
Monardella purpurea,Siskiyou monardella,T.J. Howell,2,y,,,,
Montia howellii,Howell's montia,S. Wats.,4,y,,,,
Muhlenbergia andina,Foxtail muhly,(Nutt.) A.S. Hitchc.,3,y,,,,
Muhlenbergia minutissima,Annual dropseed,(Steud.) Swallen,2,y,,,,
Munroa squarrosa,False buffalograss,(Nutt.) Torr.,3,y,,,,
Myosurus sessilis,Sessile mousetail,S. Wats.,1,y,,,,
Myrica gale,Sweet gale,L.,3,y,,,,
Myriophyllum sibiricum,Common water-milfoil,Komarov,4,y,,,,
Myriophyllum ussuriense,Russian water-milfoil,(Regel) Maxim.,3,y,,,,
Najas guadalupensis,Common water-nymph,(Spreng.) Magnus,3,y,,,,
Nama densum var. parviflorum,Compact fiddleleaf,J.G. Lemmon,3,y,Nama parviflora,y,"ORBIC name changed, matches ORFlora",https://powo.science.kew.org/taxon/urn:lsid:ipni.org:names:167041-2#synonyms
Navarretia atractyloides,Hollyleaf navarretia,(Benth.) Hook. & Arn.,3,y,,,,
Navarretia heterandra,Tehama navarretia,Mason,4,y,,,,
Navarretia leptalea ssp. leptalea,Bridges' gilia,(Gray) L.A. Johnson,3,y,,,,
Navarretia leucocephala ssp. leucocephala,White-flowered navarretia,Benth.,4,y,,,,
Navarretia sinistra ssp. sinistra,Alva Day's gilia,(M.E. Jones) L.A. Johnson,4,y,Navarretia sinistra,y,"ORBIC name changed, matches ORFlora",Navarretia sinistra Calflora
Navarretia willamettensis,Willamette navarretia,Spencer,1,y,,,,
Nemacladus capillaris,Slender nemacladus,Greene,2,y,,,,
Nephrophyllidium crista-galli,Deer-cabbage,(Menzies ex Hook.) Gilg,3,y,,,,
Nicotiana quadrivalvis,Indian tobacco,Pursh,2,y,,,,
Noccaea fendleri ssp. siskiyouense,Siskiyou Mountain pennycress,(A. Gray) Holub,4,y,Noccaea fendleri siskiyouensis,y,"ORBIC name changed, matches ORFlora","Noccaea fendleri subsp. siskiyouensis in Flora of North America @ efloras.org
https://powo.science.kew.org/taxon/urn:lsid:ipni.org:names:77061326-1#synonyms"
Oenothera wolfii,Wolf's evening-primrose,"(Munz) Raven, W. Dietr. & Stubbe",1,y,,,,
Ophioglossum pusillum,Adder's-tongue,Raf.,2,y,,,,
Opuntia fragilis,Brittle prickly-pear,(Nutt.) Haw.,2,y,,,,
Orobanche californica ssp. californica,California broom-rape,Cham. & Schlecht.,3,y,Aphyllon californicum californicum,y,"ORBIC name changed, matches ORFlora",Aphyllon californicum ssp. californicum Calflora
Orobanche californica ssp. grayana,Gray's broomrape,Cham. & Schlecht.,3,y,Aphyllon californicum grayanum,y,Homotypic synonyms,Orobanche californica subsp. grayana (Beck) Heckard | Plants of the World Online | Kew Science
Oxytheca dendroidea,Tree-lined oxytheca,Nutt.,3,y,,,,
Oxytropis sericea var. sericea,White locoweed,Nutt.,2,y,,,,
Packera flettii,Flett's groundsel,(Wieg.) W.A. Weber & A. Love,2,y,,,,
Packera hesperia,Western senecio,(Greene) W.A. Weber & A. Love,4,y,,,,
Packera porteri,Porter's butterweed,Greene (C. Jeffrey),2-ex,y,,,,
Pappostipa speciosa,Desert needlegrass,(Trin. & Rupr.) Romaschenko,2,y,,,,
Pedicularis howellii,Howell's lousewort,Gray,4,y,,,,
Pedicularis semibarbata,Pinewoods pedicularis,Gray,2,y,,,,
Pediocactus nigrispinus,Snowball cactus,(Hochstätter) Hochstätter,4,y,,,,
Pellaea andromedifolia,Coffee fern,(Kaulfuss) Fee,2,y,,,,
Pellaea bridgesii,Bridges' cliff-brake,Hook.,2,y,,,,
Pellaea mucronata ssp. californica,California bird's-foot cliffbrake,(D.C. Eat.) D.C. Eat.,2,y,,,,
Penstemon acuminatus var. acuminatus,Sand dune penstemon,Dougl. ex Lindl.,3,y,,,,
Penstemon barrettiae,Barrett's penstemon,Gray,1,y,,,,
Penstemon davidsonii var. praeteritus,Davidson's penstemon,Greene,4,y,,,,
Penstemon deustus var. variabilis,Hot-rock penstemon,Dougl. ex Lindl.,3,y,,,,
Penstemon glandulosus var. chelanensis,Chelan penstemon,Dougl.,3,y,,,,
Penstemon glaucinus,Blue-leaved penstemon,Pennell,1,y,,,,
Penstemon hesperius,Tall western penstemon,M.E. Peck,1,y,,,,
Penstemon janishiae,Janish's penstemon,N. Holmgren,3,y,,,,
Penstemon kingii,King's beardtongue,S. Wats.,3,y,,,,
Penstemon miser,Golden-tongue beardtongue,Gray,4,y,,,,
Penstemon peckii,Peck's penstemon,Pennell,1,y,,,,
Penstemon pennellianus,Blue Mountain penstemon,Keck,1,y,,,,
Penstemon perpulcher,Beautiful penstemon,A. Nels.,1,y,,,,
Penstemon pratensis,White-flowered penstemon,Greene,3,y,,,,
Penstemon seorsus,Short-lobed beardtongue,(A. Nels.) Keck,4,y,,,,
Penstemon spatulatus,Wallowa penstemon,Pennell,4,y,,,,
Perideridia erythrorhiza,Red-root yampah,(Piper) Chuang & Constance,1,y,,,,
Persicaria punctata,Dotted smartweed,Small,2,y,,,,
Petasites frigidus var. frigidus,Alpine coltsfoot,(L.) Fries,2,y,,,,
Phacelia adenophora,Great Basin phacelia,J.T. Howell,3,y,,,,
Phacelia argentea,Silvery phacelia,A. Nels. & J.F. Macbr.,1,y,,,,
Phacelia bicolor var. bicolor,Two color phacelia,Torr. ex S. Wats.,3,y,Phacelia bicolor,n,"wider distribution than we are interested in, but no OR sites currently in iNat. if/when would need to see if var. can be determined before adding to Biotics. ORFlora recoginzes 2 varieties in Oregon",Phacelia bicolor
Phacelia egena,Kaweah River scorpionweed,(Greene ex Brand) Greene ex J.T. Howell,3,y,,,,
Phacelia gymnoclada,Naked-stemmed phacelia,Torr. ex S. Wats.,4,y,,,,
Phacelia inundata,Playa phacelia,J.T. Howell,1,y,,,,
Phacelia leonis,Siskiyou phacelia,J.T. Howell,1,y,,,,
Phacelia lutea var. calva,Owyhee phacelia,(Hook. & Arn.) J.T. Howell,2,y,,,,
Phacelia lutea var. mackenzieorum,Mackenzie's phacelia,(Hook. & Arn.) J.T. Howell,1,y,,,,
Phacelia malvifolia,Mallow-leaved phacelia,Cham.,2-ex,y,,,,
Phacelia minutissima,Least phacelia,Henderson,1,y,,,,
Phacelia procera,Tall phacelia,Gray,3,y,,,,
Phacelia tetramera,Dwarf phacelia,J.T. Howell,2,y,,,,
Phacelia thermalis,Hot spring phacelia,Greene,3,y,,,,
Phacelia verna,Spring phacelia,T.J. Howell,4,y,,,,
Phalaris angusta,Narrow canarygrass,Nees ex Trin.,2,y,,,,
Phalaris californica,California canarygrass,Hook. & Arn.,2,y,,,,
Phemeranthus spinescens,Spiny fame-flower,(Torr.) Hershkovitz,2,y,,,,
Phlox hendersonii,Henderson phlox,(E. Nels.) Cronq.,2,y,,,,
Phlox mollis,Soft phlox,Wherry,1,y,,,,
Phlox multiflora,Many-flowered phlox,A. Nels.,2,y,,,,
Phyllospadix serrulatus,Serrulate surf-grass,Rupr. ex Aschers.,3,y,,,,
Physaria chambersii,Chambers' bladder-pod,Rollins,2,y,,,,
Physaria douglasii ssp. douglasii,Columbia bladderpod,(S. Wats.) O'Kane & Al-Shehbaz,3,y,,,,
Physaria geyeri ssp. geyeri,Geyer's twinpod,(Hook.) Gray,3,y,Physaria geyeri,n,"Subspecies not in iNat. added at full species level (one ssp. recognized in ORFlora) Leave ORBIC name as-is, ORBIC name matches ORFlora.",
Physaria kingii ssp. cobrensis,Cobre bladderpod,(S. Wats.) O'Kane & Al-Shehbaz,2,y,,,,
Physaria kingii ssp. diversifolia,King's bladderpod,(S. Wats.) O'Kane & Al-Shehbaz,4,y,,,,
Physostegia parviflora,Purple dragonhead,Nutt. ex Gray,3,y,,,,
Pilularia americana,American pillwort,A. Braun,2,y,,,,
Pinus albicaulis,Whitebark pine,Engelm.,1,y,,,,
Pinus flexilis,Limber pine,James,2,y,,,,
Pinus sabiniana,Gray pine,Dougl. ex Dougl.,3,y,,,,
Piperia candida,White piperia,Morgan & Ackerman,4,y,Platanthera ephemerantha,y,"ORBIC name changed, matches ORFlora",Platanthera ephemerantha R.M.Bateman | Plants of the World Online | Kew Science
Piperia elongata,Dense-flower rein orchid,Rydb.,4,y,Platanthera elongata,y,"ORBIC name changed, matches ORFlora",Platanthera elongata (Rydb.) R.M.Bateman | Plants of the World Online | Kew Science
Piptatheropsis exigua,Little ricegrass,"(Thurb.) Romasch., P.M. Peterson & Soreng",2,y,,,,
Plagiobothrys austiniae,Austin's plagiobothrys,(Greene) I.M. Johnston,2,y,,,,
Plagiobothrys figuratus ssp. corallicarpus,Coral seeded allocarya,(Piper) I.M. Johnston ex M.E. Peck,1,y,,,,
Plagiobothrys glyptocarpus,Sculptured allocarya,(Piper) I.M. Johnston,4,y,,,,
Plagiobothrys greenei,Greene's popcorn flower,(Gray) I.M. Johnston,2,y,,,,
Plagiobothrys hirtus,Rough popcorn flower,(Greene) I.M. Johnston,1,y,,,,
Plagiobothrys lamprocarpus,Shiny-fruited popcorn flower,(Piper) I.M. Johnston,1-X,y,,,,
Plagiobothrys reticulatus,Netted plagiobothrys,(Piper) I.M. Johnston,3,y,,,,
Plagiobothrys salsus,Desert allocarya,(Brandeg.) I.M. Johnston,2,y,,,,
Plagiobothrys stipitatus var. micranthus,Stalked plagiobothrys,(Greene) I.M. Johnston,3,y,,,,
Plantago eriopoda,Hairy-foot plantain,Torr.,3,y,,,,
Plantago macrocarpa,North pacific plantain,Cham. & Schlecht.,2,y,,,,
Platanthera aquilonis,Northern green bog orchid,Sheviak,3,y,,,,
Platanthera obtusata,Small northern bog-orchid,(Banks ex Pursh) Lindl.,2,y,,,,
Plectritis ciliosa ssp. insignis,Longspur seablush,(Greene) Jepson,3,y,,,,
Pleuropogon oregonus,Oregon semaphore grass,Chase,1,y,,,,
Poa bolanderi,Bolander's bluegrass,Vasey,4,y,,,,
Poa chambersii,Chambers' bluegrass,Soreng,4,y,,,,
Poa fendleriana ssp. longiligula,Long tongue muttongrass,(Steud.) Vasey,2,y,,,,
Poa glauca ssp. glauca,Timberline bluegrass,Vahl,3,y,,,,
Poa laxiflora,Loose-flowered bluegrass,Buckl.,4,y,,,,
Poa lettermanii,Letterman's bluegrass,Vasey,2,y,,,,
Poa mansfieldii,Mansfield's bluegrass,Otting & B.L. Wilson,3,y,,,,
Poa marcida,Weak bluegrass,A.S. Hitchc.,4,y,,,,
Poa piperi,Piper's bluegrass,A.S. Hitchc.,4,y,,,,
Poa pratensis ssp. alpigena,Alpine Kentucky bluegrass,L.,3,y,Poa alpigena,n,"Leave as-is, ORBIC name matches ORFlora.",Poa alpigena Lindm. | Plants of the World Online | Kew Science
Poa reflexa,Nodding bluegrass,Vasey & Scribn. ex Vasey,2,y,,,,
Poa rhizomata,Timber bluegrass,A.S. Hitchc.,2,y,,,,
Poa suksdorfii,Suksdorf's bluegrass,(Beal) Vasey ex Piper,4,y,,,,
Poa unilateralis ssp. pachypholis,Ocean bluff grass,Scribn.,1,y,,,,
Poa unilateralis ssp. unilateralis,San Francisco bluegrass,Scribn.,4,y,,,,
Poa wallowensis,Wallowa bluegrass,Soreng,1,y,,,,
Pogogyne floribunda,Profuse-flowered pogogyne,Jokerst,2,y,,,,
Pogogyne serpylloides,Thymeleaf mesamint,(Torr.) Gray,2,y,,,,
Polanisia dodecandra ssp. trachysperma,Clammyweed,(L.) DC.,3,y,,,,
Polemonium viscosum,Skunk polemonium,Nutt.,4,y,,,,
Polygonum gabrielae,Gabriela's knotweed,Costea & Tardif,1,y,,,,
Polygonum polygaloides ssp. esotericum,Water knotweed,Meisn.,3,y,,,,
Polypodium calirhiza,Hotroot polypody,Whitmore,3,y,,,,
Polystichum californicum,California sword-fern,(D.C. Eat.) Diels,2,y,,,,
Polystichum kruckebergii,Kruckeberg's sword-fern,W.H. Wagner,4,y,,,,
Polystichum lemmonii,Shasta fern,Underwood,4,y,,,,
Potamogeton berchtoldii,Slender pondweed,Fieber,4,y,,,,
Potamogeton diversifolius,Rafinesque's pondweed,Raf.,2,y,,,,
Potamogeton fibrillosus,Fibrous pondweed,Fernald,2-ex,y,Potamogeton foliosus ssp. fibrillosus,n,"Leave as-is, ORBIC name matches ORFlora.",Potamogeton foliosus ssp. fibrillosus Calflora
Potamogeton praelongus,White-stem pondweed,Wulfen,2,y,,,,
Potamogeton robbinsii,Flatleaf pondweed,Oakes,2,y,,,,
Potentilla jepsonii,Jepson's cinquefoil,Ertter,3,y,,,,
Potentilla supina ssp. paradoxa,Bushy cinquefoil,L.,3,y,,,,
Potentilla versicolor var. darrachii,Darrach's cinquefoil,Rydberg,1,y,,,,
Potentilla villosa,Villous cinquefoil,Pallas ex Pursh,2,y,,,,
Prenanthella exigua,Desert prenanthella,(Gray) Rydb.,2,y,,,,
Primula cusickiana,Wallowa primrose,(Gray) Gray,2,y,,,,
Prosartes parvifolia,Siskiyou fairy bells,S. Wats.,1,y,,,,
Pseudognaphalium californicum,California cudweed,(DC.) A. Anderb.,2,y,,,,
Pseudognaphalium macounii,Winged cudweed,(Greene) Kartesz,3,y,,,,
Psilocarphus oregonus,Oregon woollyheads,Nutt.,3,y,,,,
Puccinellia nutkaensis,Pacific alkaligrass,(J. Presl) Fern. & Weatherby,2,y,,,,
Puccinellia pumila,Dwarf alkali grass,(Vasey) A.S. Hitchc.,2,y,,,,
Pyrrocoma linearis,One-flowered goldenweed,(Keck) Kartesz & Gandhi,4,y,,,,
Pyrrocoma racemosa var. paniculata,Panicled goldenweed,(Nutt.) Torr. & Gray,2,y,,,,
Pyrrocoma racemosa var. racemosa,Racemose pyrrocoma,(Nutt.) Torr. & Gray,2,y,,,,
Pyrrocoma radiata,Snake River goldenweed,Nutt.,1,y,,,,
Pyrrocoma scaberula,Rough pyrrocoma,Greene,1,y,,,,
Pyrrocoma sp.1,Goldenweed (undescribed species from Union County),,3,skip,,,"skip, potentially new species, still need conclusive DNA study. we may want to drop this until the ID is more certain.",
Quercus garryana var. semota,Jepson's Oregon white oak,Dougl. ex Hook.,3,y,,,,
Rafinesquia californica,California chicory,Nutt.,2,y,,,,
Ranunculus austro-oreganus,Southern Oregon buttercup,L.D. Benson,1,y,,,,
Ranunculus orthorhynchus var. bloomeri,Bloomer's buttercup,Hook.,3,y,,,,
Ranunculus triternatus,Dalles Mt. buttercup,Gray,1,y,,,,
Rhamnus ilicifolia,Redberry,Kellogg,2,y,,,,
Rhinanthus minor ssp. groenlandicus,Little yellow-rattle,L.,3,y,Rhinanthus groenlandicus,n,"keep ORBIC name as-is, though does not match ORFlora. Flora of PNW does recognize ssp. One native and one weedy in PNW.",Rhinanthus groenlandicus Chabert | Plants of the World Online | Kew Science
Rhodiola integrifolia ssp. integrifolia,Alpine sedum,Raf.,2,y,,,,
Rhynchospora alba,White beakrush,(L.) Vahl,2,y,,,,
Rhynchospora capitellata,Brownish beakrush,(Michx.) Vahl,2,y,,,,
Ribes acerifolium,Mapleleaf currant,T.J. Howell,3,y,,,,
Ribes cereum var. colubrinum,Wax currant,Dougl.,4,y,,,,
Ribes divaricatum var. pubiflorum,Straggly gooseberry,Dougl.,2,y,,,,
Ribes laxiflorum,Trailing black currant,Pursh,2,y,,,,
Ribes triste,Western red currant,Pallas,3,y,,,,
Ribes wolfii,Wolf currant,Rothrock,3,y,,,,
Romanzoffia suksdorfii,Suksdorf's mistmaiden,Greene,3,y,Romanzoffia californica,y,"ORBIC name changed, matches ORFlora",Romanzoffia suksdorfii Greene | Plants of the World Online | Kew Science
Romanzoffia thompsonii,Thompson mistmaiden,Marttala,1,y,,,,
Rorippa columbiae,Columbia cress,Suksdorf ex T.J. Howell,1,y,,,,
Rosa pisocarpa ssp. ahartii,Ahart's rose,Gray,3,y,,,,
Rotala ramosior,Toothcup,(L.) Koehne,2,y,,,,
Rubus bartonianus,Bartonberry,M.E. Peck,1,y,,,,
Rubus glaucifolius,Cuyamaca raspberry,Kellogg,3,y,,,,
Rudbeckia alpicola,Showy coneflower,Piper,3,y,,,,
Rumex persicarioides,Seashore dock,L.,3,y,,,,
Rumex salicifolius var. lacustris,Willow dock,Weinm.,3,y,Rumex lacustris,y,"ORBIC name changed, matches ORFlora",Rumex salicifolius var. lacustris (Greene) J.C.Hickman | Plants of the World Online | Kew Science
Sabulina austromontana,Southern mountain sandwort,(S.J. Wolf & Packer) Dillenb. & Kadereit,3,y,,,,
Sabulina californica,California sandwort,(A.Gray) Dillenb. & Kadereit,4,y,,,,
Sabulina pusilla,Dwarf stitchwort,(S. Watson) Dillenberger & Kadereit,3,y,,,,
Sagittaria montevidensis ssp. calycina,Long-lobe arrowhead,Cham. & Schlecht.,3,y,Sagittaria calycina,n,"Leave as-is, ORBIC name matches ORFlora.",Sagittaria calycina Engelm. | Plants of the World Online | Kew Science
Salicornia rubra,Red glasswort,A. Nels.,3,y,,,,
Salix brachycarpa,Short-fruit willow,Nutt.,4,y,,,,
Salix delnortensis,Del Norte willow,Schneid.,4,y,,,,
Salix drummondiana,Drummond's willow,Barratt ex Hook.,4,y,,,,
Salix farriae,Farr's willow,Ball,2,y,,,,
Salix glauca var. villosa,Shaggy leaf willow,L.,4,y,,,,
Salix laevigata,Polished willow,Bebb,2,y,,,,
Salix ligulifolia,Strapleaf willow,(Ball) Ball ex Schneid.,4,y,,,,
Salix nivalis,Snow willow,Hook.,2,y,,,,
Salix tracyi,Tracy willow,Ball,3,y,,,,
Salix wolfii,Wolf's willow,Bebb,2,y,,,,
Samolus parviflorus,Water-pimpernel,Raf.,3,y,,,,
Sanicula peckiana,Peck's sanicle,J.F. Macbr.,4,y,,,,
Saxifraga adscendens ssp. oregonensis,Wedge-leaf saxifrage,L.,2,y,,,,
Saxifraga hyperborea,Pygmy saxifrage,R. Br.,3,y,,,,
Saxifragopsis fragarioides,Strawberry saxifrage,(Greene) Small,2,y,,,,
Scheuchzeria palustris ssp. americana,Scheuchzeria,L.,2,y,Scheuchzeria palustris,"y, should review rank","ORBIC name changed, matches ORFlora",Scheuchzeria palustris L. | Plants of the World Online | Kew Science
Schoenoplectus heterochaetus,Slender bulrush,(Chase) Soják,2-ex,y,,,,
Schoenoplectus subterminalis,Water clubrush,(Torr.) Sojak,2,y,,,,
Scirpus pallidus,Pale bulrush,(Britt.) Fern.,2,y,,,,
Scirpus pendulus,Drooping bulrush,Muhl.,2,y,,,,
Sclerolinon digynum,Northwestern yellow flax,(Gray) Rogers,2,y,Linum digynum,n,"Leave as-is, ORBIC name matches ORFlora.",Sclerolinon digynum (A.Gray) C.M.Rogers | Plants of the World Online | Kew Science
Scoliopus bigelovii,California fetid adder's-tongue,Torr.,2,y,,,,
Scolochloa festucacea,Common rivergrass,(Willd.) Link,2,y,,,,
Sedella pumila,Sierra mock-stonecrop,(Benth.) Britt. & Rose,2,y,,,,
Sedum debile,Weak-stemmed stonecrop,S. Wats.,4,y,,,,
Sedum laxum ssp. heckneri,Heckner's stonecrop,(Britt.) Berger,4,y,,,,
Sedum moranii,Rogue River stonecrop,Clausen,1,y,,,,
Sedum oblanceolatum,Applegate stonecrop,Clausen,4,y,,,,
Sedum rupicola,Cascade stonecrop,G.N. Jones,2,y,,,,
Sedum spathulifolium ssp. purdyi,Purdy's stonecrop,Hook.,3,y,,,,
Selaginella watsonii,Watson's spike-moss,Underwood,4,y,,,,
Senecio ertterae,Ertter's senecio,T.M. Barkl.,1,y,,,,
Senecio sphaerocephalus,Mountain-marsh butterweed,Greene,3,y,,,,
Sericocarpus rigidus,White-topped aster,Lindl.,1,y,,,,
Sesuvium verrucosum,Verrucose sea-purslane,Raf.,2,y,,,,
Sidalcea campestris,Meadow checker-mallow,Greene,4,y,,,,
Sidalcea cusickii,Cusick's mallow,Piper,4,y,,,,
Sidalcea hendersonii,Henderson's sidalcea,S. Wats.,1,y,,,,
Sidalcea hickmanii ssp. petraea,Hickman's southern Oregon sidalcea,Greene,1,y,,,,
Sidalcea hirtipes,Bristly-stemmed sidalcea,C.L. Hitchc.,1,y,,,,
Sidalcea malachroides,Maple-leaved sidalcea,(Hook. & Arn.) Gray,2-ex,y,,,,
Sidalcea malviflora ssp. patula,Coast checker bloom,(DC.) Gray ex Benth.,1,y,,,,
Sidalcea nelsoniana,Nelson's sidalcea,Piper,1,y,,,,
Sidalcea neomexicana,Rocky Mountain sidalcea,Gray,3,y,,,,
Silene bolanderi,Bolander's catchfly,A. Gray,2,y,,,,
Silene bridgesii,Bridges' catchfly,Rohrb.,3,y,,,,
Silene douglasii var. oraria,Cascade Head catchfly,Hook.,1,y,,,,
Silene douglasii var. rupinae,Cliff-dwelling campion,Hook.,3,y,,,,
Silene hookeri ssp. serpentinicola,Serpentine catchfly,Nutt.,1,,Not in iNaturalist,n,"name accepted by ORFlora. do not add to iNat, they do not recoginze ssp.",
Silene lemmonii,Lemmon's catchfly,S. Wats.,4,y,,,,
Silene pectinata,Fringed campion,S. Watson,4,y,,,,
Silene spaldingii,Spalding's campion,S. Wats.,1,y,,,,
Silene suksdorfii,Suksdorf's campion,B.L. Robins.,4,y,,,,
Sisyrinchium halophilum,Nevada blue-eyed grass,Greene,2,y,,,,
Sisyrinchium hitchcockii,Hitchcock's blue-eyed grass,D. Henderson,1,y,,,,
Sisyrinchium sarmentosum,Pale blue-eyed grass,Suksdorf ex Greene,1,y,,,,
Smelowskia ovalis var. ovalis,Shortfruited smelowskia,M.E. Jones,4,y,,,,
Smilax californica,California smilax,(A. DC.) Gray,4,y,,,,
Solanum parishii,Parish's horse-nettle,Heller,2,y,,,,
Sophora leachiana,Western necklace,M.E. Peck,1,y,,,,
Sorbus californica,California mountain ash,Greene,3,y,,,,
Spartina pectinata,Prairie cordgrass,Link,2,y,Sporobolus michauxianus,n,name accepted by ORFlora,Spartina pectinata Bosc ex Link | Plants of the World Online | Kew Science
Sphaeromeria cana,Gray tansy,(D.C. Eat.) Heller,3,y,Artemisia albicans,n,name accepted by ORFlora,"Artemisia albicans Sòn.Garcia, Garnatje, McArthur, Pellicer, S.C.Sand | Plants of the World Online | Kew Science"
Sphenopholis obtusata,Prairie wedgegrass,(Michx.) Scribn.,2,y,,,,
Stanleya confertiflora,Biennial stanleya,(B.L. Robins.) T.J. Howell,1,y,,,,
Stanleya viridiflora,Perennial stanleya,Nutt.,3,y,,,,
Stellaria borealis ssp. borealis,Boreal starwort,Bigelow,3,y,Stellaria borealis,n,"keep ORBIC name as-is, matches ORFlora. OK to keep full specines in iNat project as S. borealis sitchensis is syn. S. sitchensis in iNaturalist taxonomy","Taxonomic Changes Taxon: Stellaria borealis (Active)"" · iNaturalist"
Stellaria humifusa,Creeping starwort,Rottb.,2,y,,,,
Stephanomeria malheurensis,Malheur wire-lettuce,Gottlieb,1,y,,,,
Streptanthus cordatus var. cordatus,Perennial twistflower,Nutt.,2,y,,,,
Streptanthus glandulosus ssp. josephinensis,Josephine jewel flower,Hook.,1,y,,,,
Streptanthus howellii,Howell's streptanthus,S. Wats.,1,y,,,,
Streptopus streptopoides,Small twisted-stalk,(Ledeb.) Frye & Rigg,2,y,,,,
Stuckenia filiformis ssp. alpina,Northern slender-leaved pondweed,(Pers) Boerner,2,y,,,,
Stuckenia filiformis ssp. occidentalis,Western slender-leaved pondweed,(Pers) Boerner,4,y,,,,
Stuckenia striata,Nevada pondweed,(Ruiz & Pavón) Holub,2,y,,,,
Stylocline psilocarphoides,Malheur stylocline,M.E. Peck,2-ex,y,,,,
Subularia aquatica var. americana,Awlwort,L.,3,y,,,,
Suksdorfia ranunculifolia,Buttercup-leaved suksdorfia,(Hook.) Engl.,3,y,,,,
Suksdorfia violacea,Violet suksdorfia,Gray,2,y,,,,
Sullivantia oregana,Oregon sullivantia,S. Wats.,1,y,,,,
Swertia perennis,Felwort,L.,2,y,,,,
Symphoricarpos longiflorus,Long-flowered snowberry,Gray,2,y,,,,
Symphyotrichum ericoides var. pansum,Tufted white prairie aster,(L.) Nesom,3,y,,,,
Synthyris missurica ssp. stellata,Columbia kittentails,(Raf.) Pennell,4,y,,,,
Taraxacum ceratophorum,Horned dandelion,(Ledeb.) DC.,3,y,,,,
Taraxia ovata,Golden eggs,(Nutt. ex Torr. & A. Gray) Small,2,y,,,,
Tauschia howellii,Howell's tauschia,(Coult. & Rose) J.F. Macbr.,1,y,,,,
Tauschia stricklandii,Strickland's tauschia,(Coult. & Rose) Mathias & Constance,2,y,,,,
Tetrapteron graciliflorum,Slender-flowered evening-primrose,(Hook. & Arn.) W.L. Wagner & Hoch,2,y,,,,
Tetrapteron palmeri,Palmer's evening-primrose,(S. Watson) W.L. Wagner & Hoch,3,y,,,,
Thalictrum alpinum,Alpine meadow-rue,L.,2,y,,,,
Thelypodium brachycarpum,Short-podded thelypody,Torr.,2,y,,,,
Thelypodium eucosmum,Arrow-leaf thelypody,B.L. Robins.,1,y,,,,
Thelypodium howellii ssp. howellii,Howell's thelypody,S. Wats.,1,y,,,,
Thelypodium howellii ssp. spectabilis,Howell's spectacular thelypody,S. Wats.,1,y,,,,
Thelypodium integrifolium ssp. complanatum,Entire-leaved thelypody,(Nutt.) Endl. ex Walp.,3,y,,,,
Thelypodium integrifolium ssp. integrifolium,Entire-leaved thelypody,(Nutt.) Endl. ex Walp.,3,y,,,,
Thelypodium sagittatum ssp. sagittatum,Slender thelypody,(Nutt. ex Torr. & Gray) Endl. ex Walp.,3,y,,,,
Thermopsis robusta,Showy golden-banner,Howell,1,y,,,,
Torreyochloa erecta,Narrow mannagrass,(A.S. Hitchc.) Church,4,y,,,,
Townsendia montana,Mountain townsendia,M.E. Jones,2,y,,,,
Townsendia parryi,Parry's townsendia,D.C. Eat.,2,y,,,,
Townsendia scapigera,Tufted Townsend daisy,D.C. Eat.,2,y,,,,
Toxicoscordion exaltatum,Giant death camas,(Eastw.) A. Heller,2,y,,,,
Trichophorum cespitosum,Tufted clubrush,(L.) Hartman,4,y,,,,
Trifolium douglasii,Douglas clover,House,1,y,,,,
Trifolium eriocephalum ssp. martinii,Martin's clover,Nutt.,3,,Not in iNaturalist,n,"many ssp. recognized in ORFlora incl this one. skip adding to iNat, this ssp. not recognized by CPNWH, incl in var. arcuatum",
Trifolium leibergii,Leiberg's clover,A. Nels. & J.F. Macbr.,1,y,,,,
Trifolium owyheense,Owyhee clover,Gilkey,1,y,,,,
Trifolium siskiyouense,Siskiyou clover,J. Gillett,3,y,,,,
Triglochin palustris,Slender bog arrowgrass,L.,2,y,,,,
Triglochin scilloides,Flowering quillwort,(Poir.) Mering & Kadereit,4,y,,,,
Triglochin striata,Three-ribbed arrow-grass,Ruiz & Pavon,3,y,,,,
Trillium albidum ssp. parviflorum,Small-flowered trillium,J.D. Freeman,1,y,,,,
Trillium kurabayashii,Giant purple trillium,J.D. Freeman,2,y,,,,
Triodanis biflora,Small Venus'-looking glass,(Ruiz & Pavon) Fisch. & C.A. Mey.,3,y,,,,
Triteleia crocea var. crocea,Yellow triteleia,(Wood) Greene,4,y,Triteleia crocea,y,"ORBIC name changed, matches ORFlora",https://www.inaturalist.org/taxon_changes?taxon_id=79450
Triteleia hendersonii var. leachiae,Leach's brodiaea,Greene,4,y,Triteleia hendersonii,needs review,"ssp. no longer recognized by ORFlora, CPNWH, or ODA. FNA states more study needed to determine if var. leachiae is valid. if we accept the name change, should drop this as too common",https://www.inaturalist.org/taxon_changes?taxon_id=79453
Triteleia ixioides,Prettyface,(Ait. f.) Greene,3,y,,,,
Triteleia laxa,Ithuriel's spear,Benth.,2,y,,,,
Trollius albiflorus,American globeflower,(Gray) Rydb.,2,y,,,,
Utricularia gibba,Humped bladderwort,L.,2,y,,,,
Utricularia minor,Lesser bladderwort,L.,2,y,,,,
Vaccinium oxycoccos,Wild bog cranberry,L.,4,y,,,,
Vancouveria chrysantha,Yellow vancouveria,Greene,4,y,,,,
Veronica schizantha,Fringed kittentail,(Piper) M. M. Martínez Ort. & Albach,1,y,,,,
Vicia hassei,Hass' vetch,S. Wats.,3,y,,,,
Viola langsdorfii,Aleutian viola,Fisch. ex Gingins,3,y,,,,
Viola praemorsa ssp. praemorsa,Upland yellow violet,Dougl. ex Lindl.,3,y,,,,
Viola primulifolia ssp. occidentalis,Western bog violet,L.,1,y,,,,
Viola purpurea ssp. dimorpha,Goosefoot violet,Kellogg,3,y,,,,
Wolffia borealis,Dotted water-meal,(Engelm. ex Hegelm.) Landolt ex Landolt & Wildi,2,y,,,,
Wolffia brasiliensis,Brazilian water meal,Weddell,3,y,,,,
Wolffia columbiana,Columbia water-meal,Karst.,2,y,,,,
Zizia aptera,Golden alexanders,(Gray) Fern.,2,y,,,,