SNAME,SCOMNAME,AUTHOR_NAME_FULL,HP_LIST,added to project,iNaturalist name if different,Biotics updated to iNat name,notes/issues,refrerences
Alaria nana,Brown marine alga,H.F. Schrader,3,y,Alaria marginata,y,"new name per DNA study, 2007 Lane et al. Updated in Biotics",
Coilodesme bulligera,Brown marine alga,Strömfelt,3,y,,,,
Desmarestia foliacea,Brown marine alga,V.A. Pease,3,y,Desmarestia dudresnayi ssp. foliacea,y,Algaebase & WoRMS accepted name,"Yang, E.C., Peters, A.F., Kawai, H., Stern, R., Hanyuda, T., Bárbara, I., Müller, D.G., Strittmatter, M., Prud'homme van Reine, W.F. & Küpper, F.C. (2014). Ligulate Desmarestia (Desmarestiales, Phaeophyceae) revisited: D. japonica sp. nov. and D. dudresnayi differ from D. ligulata. Journal of Phycology 50(1): 149-166."
Dictyosiphon foeniculaceus,Brown marine alga,(Hudson) Greville,3,y,,,,
Dictyota binghamiae,Brown marine alga,J. Agardh,3,y,,,,
Laminaria ephemera,Brown marine alga,Setchell,3,y,,,,
Laminaria longipes,Brown marine alga,Bory,3,y,,,,
Macrocystis integrifolia,Brown marine alga,Bory,3,y,Macrocystis pyrifera,y,Algaebase & WoRMS accepted name,http://marinespecies.org/aphia.php?p=taxdetails&id=372509. Also see Macaya and Zuccarello (2010) for what is probably the underlying publication.
Pylaiella unilateralis,Brown marine alga,Setchell & N.L.Gardner,3,y,,,,
Saundersella simplex,Brown marine alga,(D.A. Saunders) Kylin,3,y,,,,
Scytosiphon gracilis,Brown marine alga,Kogame,3,y,Planosiphon gracilis,y,Algaebase & WoRMS accepted name,"McDevit, D.C. & Saunders, G.W. (2017). A molecular investigation of Canadian Scytosiphonaceae (Phaeophyceae) including descriptions of Planosiphon gen. nov. and Scytosiphon promiscuus sp. nov. Botany 95: 653–671, 10 figs, 2 tables."
Scytothamnus fasciculatus,Brown marine alga,(J.D. Hooker & Harvey) A.D. Cotton,3,y,,,,
Sphacelaria plumigera,Brown marine alga,Holmes,3,y,Battersia plumigera,y,Algaebase & WoRMS accepted name,"Draisma, S.G.A., Prud'homme van Reine, W.F. & Kawai, H. (2010). A revised classification of the Sphacelariales (Phaeophyceae) inferred from a psbC and rbcL based phylogeny. European Journal of Phycology 45(3): 308-326"
Ahnfeltiopsis leptophylla,Red marine alga,(J. Agardh) P.C. Silva & DeCew,3,y,Besa leptophylla,y,Algaebase & WoRMS accepted name,"Calderon, M.S., Miller, K.A., Seo, T.H. & Boo, S.M. (2016). Transfer of selected Ahnfeltiopsis (Phyllophoraceae, Rhodophyta) species to the genus Besa and description of Schottera koreana sp. nov.. European Journal of Phycology 51(4): [1-13] 431-443, 53 figs, 2 tables."
Arthrocardia silvae,Red marine alga,Johansen,3,y,Chiharaea silvae,y,Algaebase & WoRMS accepted name,"Martone, P.T., Lindstrom, S.C., Miller, K.A. & Gabrielson, P.W. (2012). Chiharaea and Yamadaia (Corallinales, Rhodophyta) represent reduced and recently derived articulated coralline morphologies. Journal of Phycology 48(4): 859-868."
Cryptonemia borealis,Red marine alga,Kylin,3,y,,,,
Cryptopleura peltata,Marine red alga,(Montagne) M. J. Wynne,3,y,,,,
Erythroglossum californicum,Red marine alga,(J. Agardh) J. Agardh,3,y,,,,
Farlowia compressa,Red marine alga,J. Agardh,3,y,,,,
Farlowia conferta,Red marine alga,(Setchell) I.A. Abbott,3,y,,,,
Gloiocladia laciniata,Red marine alga,(J. Agardh) Sánchez et Rodríguez-Prieto,3,y,,,,
Heterosiphonia densiuscula,Red marine alga,Kylin,3,y,,,,
Hollenbergia nigricans,Marine red alga,(Gardner) Wollaston,3,y,,,,
Hollenbergia subulata,Red marine alga,(Harvey) E.M. Wollaston,3,y,,,,
Hymenena smithii,Red marine alga,Kylin,3,y,Hymenena setchelli,y,Algaebase & WoRMS accepted name,"Gabrielson, P.W., Widdowson, T.B. & Lindstrom, S.C. (2004). Keys to the seaweeds and seagrasses of Oregon and California Phycological Contribution Number 6. pp. [i]-iv, 1-181. Hillsborough, North Carolina: PhycoID."
Loranthophycus californica,Red marine alga,Dawson,3,y,Loranthophycus californicus,y,Algaebase & WoRMS accepted name,
Mazzaella californica,Red marine alga,(J. Agardh) De Toni,3,y,,,,
Microcladia coulteri,Red marine alga,Harvey,3,y,Ceramothamnion coulteri,y,Algaebase & WoRMS accepted name,"Wynne, M.J. & Schneider, C.W. (2023). Reinstatement of Ceramothamnion H.Richards (1901), a replacement name for the newly described Stirkia (Ceramiaceae, Rhodophyta). Notulae Algarum 296: 1-4."
Neogastroclonium subarticulatum,Red marine alga,"(Turner) L. Le Gall, Dalen & G.W. Saunders",3,y,,,,
Nitophyllum dotyi,Red marine alga,I.A. Abbott,3,y,,,,
Pikea pinnata,Red marine alga,Setchell,3,y,,,,
Porphyra torta,Red marine alga,V. Krishnamurthy,3,y,Pyropia torta,y,Algaebase & WoRMS accepted name,"Sutherland, J.E., Lindstrom, S.C., Nelson, W.A., Brodie, J., Lynch, M.D., Hwang, M.S., Choi, H.-G., Miyata, M., Kikuchi, N., Oliveira, M.C., Farr, T., Neefus, C., Mols-Mortensen, A. Milstein, D. & Müller, K.M. (2011). A new look at an ancient order: generic revision of the Bangiales (Rhodophyta). Journal of Phycology 47(5): 1131-1151"
Porphyropsis coccinea,Red marine alga,(J. Agardh ex Areschoug) Rosenvinge,3,y,,,,
Prasiola linearis,Green marine alga,C.C. Jao,3,y,,,,
Pterocladiella caloglossoides,Red marine alga,(M. Howe) Santelices,3,y,,,,
Schimmelmannia plumosa,Red marine alga,(Setchell) I.A. Abbott,3,y,,,,
Scinaia confusa,Red marine alga,(Setchell) Huisman,3,y,,,,
Sparlingia pertusa,Red marine alga,"(Postels & Ruprecht) G.W. Saunders, Strachan & Kraft",3,y,,,,
Ulvaria obscura var. blyttii,Green marine alga,(Kützing) P.Gayral,3,y,,,,
Anastrophyllum sphenoloboides,Liverwort,Schust.,2,y,,,,
Asterella bolanderi,Liverwort,(Aust.) Underw.,3,y,,,,
Barbilophozia barbata,Bearded pawwort,(Schmid. ex Schreb.) Loeske,2,y,,,,
Barbilophozia floerkei,Liverwort,(Web. et Mohr) Loeske,2,y,Neoorthocaulis floerkei,y,"also NatureServe, ITIS, Tropicos accepted name","Stotler, R.E. and B. Crandall-Stotler. 2017. A synopsis of the liverwort flora of North America north of Mexico. Ann. Missouri Bot. Gard. 102: 574-709."
Barbilophozia lycopodioides,Greater pawwort,(Wallroth) Loeske,2,y,,,,
Blepharostoma arachnoideum,Liverwort,M.A. Howe,2,y,,,,
Calypogeia sphagnicola,Bog pouchwort,(H. Arnell & J. Perss.) Warnst. & Loeske,4,y,,,,
Cephaloziella hampeana,Hampe's threadwort,(Nees) Schiffn.,3,y,,,,
Cephaloziella spinigera,Spiny threadwort,(Lindberg) Jörgensen,2,y,,,,
Cryptomitrium tenerum,Liverwort,(Hook.) Aust.,2,y,,,,
Gymnomitrion concinnatum,Braided frostwort,(Lightfoot) Corda,2,y,,,,
Haplomitrium hookeri,Liverwort,(Smith) Nees,2,y,,,,
Harpanthus flotovianus,Great mountain flapwort,(Nees) Nees,2,y,,,,
Herbertus aduncus,Bent scissor-leaved liverwort,(Dickson) S.F. Gray,2,y,,,,
Herbertus dicranus,Pacific scissor-leaved liverwort,(Tayl.) Trev.,2,y,,,,
Hygrobiella laxifolia,Lax notchwort,(Hook.) Spruce,3,y,,,,
Jungermannia polaris,Arctic flapwort,Lindberg,2,y,,,,
Kurzia makinoana,Liverwort,(Steph.) Grolle,2,y,,,,
Marsupella condensata,Compact rustwort,(Ångstr.) Schiffn.,2,y,,,,
Marsupella emarginata var. aquatica,Liverwort,(Ehrhart) Dumortier,2,y,Marsupella aquatica,y,also Tropicos and NatureServe accepted name,"Marsupella aquatica was treated under Marsupella emarginata in Grolle and Long (2000) but shown to be sister to it and accepted at species level by Vilnet, Konstantinova, et al. (2010)."
Marsupella sparsifolia,Rounded rustwort,(Lindberg) Dumortier,2,y,,,,
Marsupella sprucei,Liverwort,(Limpr.) Bernet,3,y,,,,
Mesoptychia gillmanii,Gillman's notchwort,(Austin) L. Söderstr. & Vána,2,y,,,,
Metzgeria violacea,Liverwort,(Ach.) Dumort.,4,y,,,,
Nardia japonica,Japanese flapwort,Stephani,2,y,,,,
Peltolepis quadrata,Liverwort,(Saut.) K. Mull.,2,y,,,,
Phymatoceros phymatodes,Hornwort,"(M. Howe) Duff, Villarreal, Cargill, & Renzaglia",2,y,,,,
Plagiochila semidecurrens var. semidecurrens,Liverwort,(Lehmann & Lindenberg) Lehmann & Lindenberg,2,y,,,,
Porella arboris-vitae,Bitter scalewort,(With.) Grolle,2-ex,y,,,,
Porella bolanderi,Bolander's scalemoss,(Austin) Pearson,2,y,,,,
Preissia quadrata,Narrow mushroom-headed liverwort,(Scop.) Nees,2,y,Marchantia quadrata,y,updated Biotics sciname,
Ptilidium pulcherrimum,Tree fringewort,(Weber) Vain.,2,y,,,,
Radula brunnea,Liverwort,Stephani,2,y,,,,
Radula obtusiloba ssp. polyclada,Liverwort,Steph.,2,y,,,,
Riccia californica,California crystalwort,Aust.,3,y,,,,
Rivulariella gemmipara,Liverwort,(A. Evans) D.H. Wagner,1,y,,,,
Scapania gymnostomophila,Narrow-leaved earwort,Kaalaas,2,y,,,,
Scapania obscura,Dark earwort,(H. Arnell & C. Jens.) Schiffn.,2,y,,,,
Scapania scandica,Norwegian earwort,(H.Arnell et Buch) Macv.,3,y,,,,
Schistochilopsis laxa,Marsh notchwort,(Lindb.) Konstant.,2,y,Heterogemma laxa,y,Tropicos and iNaturalist accepted name,Hodgetts et al. 2020
Schofieldia monticola,Liverwort,J.D. Godfrey,2,y,Fuscocephaloziopsis monticola,y,updated name in Biotics,
Sphaerocarpos hians,Liverwort,Haynes,1,y,,,,
Sphenolobus minutus,Comb notchwort,(Schreb. ex D. Crantz) Berggr.,2,y,,,,
Syzygiella autumnalis,Jameson's liverwort,"(DC.) Feldberg, Vána, Hentschel & Heinrichs",1,y,,,,
Tritomaria exsecta,Cut notchwort,(Schrad.) Loeske,2,y,,,,
Tritomaria quinquedentata,Large notchwort,(Hudson) Buch,2,y,,,,
Aloina bifrons,Moss,(De Not.) Delg.,2,y,,,,
Andreaea heinemannii,Moss,Hampe & C. Mull.,3,y,,,,
Andreaea nivalis,Snow rock moss,Hook.,3,y,,,,
Andreaea schofieldiana,Moss,B. Murr.,2,y,,,,
Anoectangium aestivum,Moss,(Hedw.) Mitt.,3,y,,,,
Anomobryum julaceum,Slender silver moss,"(Schrad. ex P. Gaertn., B. Mey. & Scherb.) Schimp.",3,y,,,,
Barbula unguiculata,Prickly beard moss,Hedw.,3,y,,,,
Brachydontium olympicum,Olympic brachydontium moss,(Britt.) McIntosh & Spence,2,y,,,,
Brachythecium turgidum,Thick ragged moss,(Hartm.) Kindb.,3,y,,,,
Bruchia bolanderi,Moss,Lesq.,3,y,,,,
Bruchia flexuosa,Bending Bruch's moss,(Sw. ex Schwaegr.) C. Mull.,2,y,,,,
Bryum calobryoides,Beautiful bryum,Spence,2,y,,,,
Bucklandiella lawtoniae,Moss,(Ireland) Bednarek-Ochyra &amp; Ochyra,3,y,Racomitrium lawtonae,y,matches 2022 checklist of OR mosses,
Bucklandiella macounii ssp. alpina,Moss,(Kindb.) Bednarek-Ochyra & Ochyra,3,y,Racomitrium macounii alpinum,y,matches 2022 checklist of OR mosses,
Buxbaumia aphylla,Brown shield-moss,Hedw.,3,y,,,,
Calliergon richardsonii,Richardson's water moss,(Mitt.) Kindb. in Warnst.,2,y,,,,
Campylium stellatum,Yellow starry fen moss,(Hedw.) C. Jens.,3,y,,,,
Campylophyllum sommerfeltii,Moss,(Myr.) Hedenas,3,y,,,,
Campylopodiella flagellacea,Campylopodiella moss,(Müll. Hal.) J.-P. Frahm & Isov.,3,y,,,,
Campylopus schmidii,Schmid's swan-neck moss,(Mull. Hal.) A. Jaeger,4,y,,,,
Campylopus subulatus,Moss,Schimp. in Rabenh.,3,y,,,,
Codriophorus fascicularis,Moss,(Hedw.) Bednarek-Ochyra & Ochyra,2,y,Racomitrium fasciculare,n,"leave ORBIC name as-is, 2022 checklist of OR mosses",
Conostomum tetragonum,Helmet moss,(Hedw.) Lindb.,2,y,,,,
Cynodontium jenneri,Jenner's dogtooth moss,(Schimp. in Howie) Stirt.,2,y,,,,
Dichodontium olympicum,Olympic fork moss,Ren. & Card.,3,y,,,,
Dicranella subulata,Moss,(Hedw.) Schimp.,3,y,Dicranellopsis subulata,n,"leave ORBIC name as-is, 2022 checklist of OR mosses",
Didymodon bistratosus,Moss,Hébrard &amp; R.B. Pierrot,3,y,Zanderella purpurea,n,"leave ORBIC name as-is, 2022 checklist of OR mosses",https://onlinelibrary.wiley.com/doi/10.1111/jse.12735
Didymodon californicus,California moss,"J.A. Jiménez, Toren & Shevock",3,y,Vinealobryum californicum,n,"leave ORBIC name as-is, 2022 checklist of OR mosses",https://onlinelibrary.wiley.com/doi/10.1111/jse.12735
Didymodon norrisii,Moss,R.H. Zander,2,y,Vinealobryum norrissii,n,"leave ORBIC name as-is, 2022 checklist of OR mosses",https://onlinelibrary.wiley.com/doi/10.1111/jse.12735
Ditrichum flexicaule,Flexible cow-hair moss,(Schwaegr.) Hampe,3,y,Flexitrichum flexicaule,n,"leave ORBIC name as-is, 2022 checklist of OR mosses",https://www.tandfonline.com/doi/full/10.1080/03736687.2019.1694329
Elodium blandowii,Blandow's bog moss,(F. Weber &amp; D. Mohr) Eckel,4,y,Helodium blandowii,y,"updated ORBIC name, Helodium matches 2022 checklist of OR mosses",
Encalypta alpina,Alpine extinguisher moss,Sm.,3,y,,,This is where Aaron started,
Encalypta brevicollis,Moss,(Bruch & Schimper) Åongström,2,y,Encalypta brevicolla,n,"leave ORBIC name as-is, 2022 checklist of OR mosses. we've changed this on our list a few times :D",
Encalypta brevipes,Candle snuffer moss,Schljak.,2,y,,,,
Entosthodon californicus,Moss,(Sull. & Lesq.) Crum & Anderson,3,y,,,,
Entosthodon fascicularis,Banded cord-moss,(Hedw.) C. Mull.,2,y,,,,
Ephemerum crassinervium,Emerald dewdrops,(Schwaegr.) Hampe,2,y,,,,
Ephemerum serratum,Serrated earth moss,(Hedw.) Hampe,2,y,,,,
Eucladium verticillatum,Lime-seep eucladium,(Brid.) Bruch & Schimp. in B.S.G.,3,y,,,,
Fissidens fontanus,Water pocket moss,(B. Pyl.) Steud.,4,y,,,,
Grimmia attenuata,Moss,(Müller Hal. & Kindberg) Kindberg,3,y,,,,
Grimmia lisae,Moss,De Not.,2,y,,,,
Grimmia nevadensis,Moss,Greven,3,y,,,,
Grimmia serrana,Moss,"J. Muñoz, Shevock &amp; D.R. Toren",3,y,,,,
Gymnostomum viridulum,Moss,Brid.,3,y,,,,
Homalothecium californicum,Moss,"Hedenas, Huttunen, Shevock &amp; D.H. Norris",3,y,,,added taxon to iNaturalist,https://www.gbif.org/species/7892791
Hygrohypnum alpinum,Moss,(Lindb.) Loeske,3,y,Platyhypnum alpinum,n,2022 checklist of OR mosses uses Hygrohypnum,https://www.tandfonline.com/doi/full/10.1080/03736687.2019.1694329
Hygrohypnum cochleariifolium,Moss,(Venturi) Brotherus,3,y,Platyhypnum cochleariifolium,n,2022 checklist of OR mosses uses Hygrohypnum,https://www.tandfonline.com/doi/full/10.1080/03736687.2019.1694329
Hygrohypnum styriacum,Snow brook moss,(Limpr.) Broth.,3,y,,,,
Hypnum lindbergii,Lindberg's plait moss,Mitt.,3,y,Calliergonella lindbergii,n,2022 checklist of OR mosses uses Hypnum,https://www.tandfonline.com/doi/full/10.1080/03736687.2019.1694329
Hypnum pratense,Meadow plait moss,(Rabenh.) W. Koch ex Spruce,3,y,Stereodon pratensis,n,2022 checklist of OR mosses uses Hypnum pratense,https://www.tandfonline.com/doi/full/10.1080/03736687.2019.1694329
Imbribryum alpinum,Moss,(Hudson ex Withering) Pedersen,3,y,,,,
Iwatsukiella leucotricha,Moss,(Mitt.) Buck & Crum,2,y,,,,
Limbella fryei,Frye's limbella moss,(Williams) Ochyra,1,y,,,,
Meesia longiseta,Moss,Hedw.,3,y,,,,
Meesia uliginosa,Swamp thread moss,Hedw.,4,y,,,,
Micromitrium synoicum,Moss,(James) Aust.,2,y,,,,
Mielichhoferia elongata,Mielichhofer's copper moss,(Hoppe & Hornsch. ex Hook.) Nees & Hornsch.,3,y,,,,
Mnium arizonicum,Moss,Amann,3,y,,,,
Mnium blyttii,Blytt's leafy moss,Bruch & Schimp. in B.S.G.,3,y,,,,
Mnium lycopodioides,Moss,Schwagrichen,3,y,,,,
Myurella julacea,Small mousetail moss,(Schwaegr.) Schimp. in B.S.G.,3,y,,,,
Orthodontium gracile,Moss,(Wils. in Sm. & Sowerby) Schwaegr. ex B.S.G.,2,y,,,,
Orthodontium pellucens,Translucent orthodontium,(Hook.) Bruch & Schimp. in B.S.G.,2,y,,,,
Orthotrichum bolanderi,Moss,Sull.,3,y,Lewinskya bolanderi,y,matches 2022 checklist of OR mosses,https://www.inaturalist.org/taxon_changes?taxon_id=1476519
Orthotrichum euryphyllum,Moss,Vent.,3,y,,,,
Orthotrichum hallii,Moss,Sull. & Lesq. in Sull.,2,y,,,,
Orthotrichum holzingeri,Moss,Ren. & Card. in Holz.,3,y,Lewinskya holzingeri,y,matches 2022 checklist of OR mosses,https://www.inaturalist.org/taxon_changes?taxon_id=1476533
Orthotrichum pallens,Pale bristle moss,Bruch ex Brid.,3,y,,,,
Orthotrichum pellucidum,Translucent bristle moss,Lindb.,3,y,,,,
Orthotrichum shawii,Moss,Wilson in W.P. Schimper,3,y,Lewinskya shawii,y,matches 2022 checklist of OR mosses,"https://www.tandfonline.com/doi/full/10.1080/03736687.2019.1694329
https://pdxscholar.library.pdx.edu/cgi/viewcontent.cgi?article=1040&context=naturalresources_pub"
Philonotis yezoana,Yezo's apple moss,Besch. & Card. in Card.,3,y,,,,
Physcomitrella readeri,Moss,(C. Mull.) Stone & Scott,2,y,Physcomitrium readeri,n,"leave ORBIC name as-is, 2022 checklist of OR mosses",https://tropicos.org/name/35109027
Physcomitrium immersum,Hidden urn moss,Sull.,3,y,,,,
Plagiobryum zieri,Plagiobryum moss,(Hedw.) Lindb.,2,y,Ptychostomum zieri,n,"leave ORBIC name as-is, 2022 checklist of OR mosses","https://www.tandfonline.com/doi/full/10.1080/03736687.2019.1694329
https://pdxscholar.library.pdx.edu/cgi/viewcontent.cgi?article=1040&context=naturalresources_pub"
Plagiopus oederianus,Oeder's apple moss,(Swartz) H.A. Crum &amp; L.E. Anderson,3,y,,,,
Plagiothecium cavifolium,Round silk moss,(Brid.) Iwats.,3,y,,,,
Plagiothecium piliferum,Hair silk moss,(Sw. ex Hartm.) Schimp. in B.S.G.,3,y,,,,
Pohlia bolanderi,Bolander's pohlia moss,(Lesq.) Broth.,3,y,,,,
Pohlia cardotii,Cardot's nodding moss,(Ren. in Ren. & Card.) Broth.,3,y,,,,
Pohlia ludwigii,Ludwig's nodding moss,(Spreng. ex Schwaegr.) Broth.,3,y,,,,
Pohlia obtusifolia,Bluntleaf threadmoss,(Brid.) L. Koch,3,y,,,,
Pohlia tundrae,Tundra pohlia moss,Shaw,3,y,,,,
Polytrichastrum longisetum,Long-stalked haircap moss,(Brid.) G.L. Sm.,3,y,Polytrichum longisetum,n,"2022 checklist exluced P. longisetum due to unverified specimens, but Darci Rivers-Pankratz in 2022 said there was a new sequenced collection from Lysgaard on Mt Hood. leave as-is for now.","https://www.tandfonline.com/doi/full/10.1080/03736687.2019.1694329
https://pdxscholar.library.pdx.edu/cgi/viewcontent.cgi?article=1040&context=naturalresources_pub"
Polytrichastrum sexangulare var. sexangulare,Northern haircap moss,(Brid.) G. L. Sm.,2,y,Polytrichastrum sexangulare,n,"leave ORBIC name as-is, 2022 checklist of OR mosses","https://www.tandfonline.com/doi/full/10.1080/03736687.2019.1694329
https://www.researchgate.net/publication/277597379_Genera_of_the_Pottiaceae_Mosses_of_Harsh_Environments"
Polytrichastrum sexangulare var. vulcanicum,Moss,(Brid.) G. L. Sm.,2,y,Polytrichastrum sphaerothecium,n,"leave ORBIC name as-is, 2022 checklist of OR mosses","https://www.tandfonline.com/doi/full/10.1080/03736687.2019.1694329
https://pdxscholar.library.pdx.edu/cgi/viewcontent.cgi?article=1040&context=naturalresources_pub"
Polytrichum strictum,Hummock haircap moss,Brid.,2,y,,,,
Pseudephemerum nitidum,Delicate Earth-moss,(Hedw.) Loeske,2,y,,,,
Pseudocalliergon angustifolium,Moss,Hedenäs,3,y,Drepanocladus angustifolius,n,"leave ORBIC name as-is, 2022 checklist of OR mosses. Synonyms according to Hadgett et al. checklist",https://www.tandfonline.com/doi/full/10.1080/03736687.2019.1694329#d1e10448
Pseudocalliergon trifarium,Three-ranked spear moss,(F. Weber & D. Mohr) Loeske,2,y,Drepanocladus trifarius,n,"leave ORBIC name as-is, 2022 checklist of OR mosses. Synonyms according to Hadgett et al. checklist",https://www.tandfonline.com/doi/full/10.1080/03736687.2019.1694329#d1e10448
Pseudocrossidium hornschuchianum,Moss,(Schultz) Zand.,2,y,,,,
Pseudoleskea tribulosa,Moss,Shevock &amp; W.R. Buck,3,y,,,,
Pseudoleskeella tectorum,Rooftop Leske's moss,(Funck ex Brid.) Kindb. in Broth.,3,y,,,,
Ptilium crista-castrensis,Knight's plume moss,(Hedw.) De Not.,3,y,,,,
Ptychostomum cyclophyllum,Round-leaved bryum,(Schwägr.) J.R. Spence,3,y,,,,
Ptychostomum pacificum,Moss,J. R. Spence & Shevock,3,y,,,,
Racomitrium brevipes,Moss,Kindb. in Mac,3,y,,,,
Racomitrium depressum,Moss,Lesq.,2,y,,,,
Racomitrium lanuginosum,Moss,(Hedw.) Brid.,3,y,,,,
Racomitrium molle,Moss,Cardot,2,y,,,,
Racomitrium pygmaeum,Pygmy racomitrium moss,Frisv.,3,y,,,,
Racomitrium ryszardii,Moss,Bednarek-Ochyra,3,y,,,,
Rhytidiadelphus subpinnatus,Subpinnate gooseneck moss,(Lindb.) T. Kop.,3,y,,,,
Rhytidium rugosum,Golden glade-moss,(Hedw.) Kindb.,2,y,,,,
Rosulabryum flaccidum,Moss,(Bridel) J.R. Spence,3,skip,Ptychostomum moravicum,n,"iNat taxonomy lumps several taxa, unclear if this is a good concept match. skip for now.",
Rosulabryum gemmascens,Moss,(Kindberg) J.R. Spence,3,y,Bryum gemmascens,n,"leave ORBIC name as-is, 2022 checklist of OR mosses. Bryum gemmascens a basionym for R. gemmascens, according to Tropico",https://tropicos.org/name/35218097
Sarmentypnum trichophyllum,Moss,(Warnstorf) Hedenas,3,y,,,,
Schistidium cinclidodonteum,Moss,(C. Mull.) Bremer,2,y,,,,
Schistidium confertum,Moss,(Funck) Bruch & Schimp.,3,y,,,,
Schistidium flaccidum,Moss,(De Notaris) Ochyra,3,y,,,,
Schistidium heterophyllum,Long-awned bloom moss,(Kindb. in Mac. & Kindb.) McIntosh,3,y,,,,
Schistidium tenerum,Slender bloom moss,(Zett.) Nyh.,3,y,,,,
Sciuro-hypnum latifolium,Wideleaf ragged moss,(Kindb.) Ignatov & Huttunen,3,y,,,,
Scouleria marginata,Margined streamside moss,Britt.,3,y,,,,
Scouleria siskiyouensis,Moss,Shevock &amp; D.H. Norris,3,y,,,added new taxon to iNaturalist,
Sphagnum compactum,Moss,DC. in Lam. & DC.,3,y,,,,
Sphagnum oregonense,Oregon peatmoss,R.E. Andrus,3,y,,,,
Sphagnum rubiginosum,Moss,Flatb.,2,y,,,,
Sphagnum tenellum,Moss,(Brid.) Bory,3,y,,,,
Splachnum ampullaceum,Cruet dung moss,Hedw.,2,y,,,,
Splachnum sphaericum,Round-fruited dung moss,Hedw.,2,y,,,,
Stegonia latifolia var. pilifera,Moss,(Schwaegr. in Schultes) Vent. ex Broth.,3,y,,,,
Syntrichia virescens,Moss,(De Not.) Ochyra,3,y,,,,
Tayloria serrata,Serrate trumpet moss,(Hedw.) Bruch & Schimp. in B.S.G.,3,y,,,,
Tetraphis geniculata,Geniculate four-tooth moss,Girg. ex Milde,2,y,,,,
Tetraplodon mnioides,Entire-leaved nitrogen moss,(Hedw.) Bruch & Schimp. in B.S.G.,3,y,,,,
Thamnobryum neckeroides,Moss,(Hook.) Lawt.,3,y,,,,
Tomentypnum nitens,Golden fuzzy fen moss,(Hedw.) Loeske,4,y,,,,
Tortella fragilis,Fragile twisted moss,(Hook. & Wils. in Drumm.) Limpr.,3,y,,,,
Tortella tortuosa var. tortuosa,Moss,(Hedw.) Limpr.,3,y,Tortella tortuosa,n,"2022 checklist uses T. tortuosa tortuosa. Citation in iNat does not mention this variety in particular, but species level. Added at species level because there are no other varieties under T. tortuosa",https://bioone.org/journals/lindbergia/volume-2023/issue-1/linbg.24903/The-supposedly-well-known-carbonate-indicator-Tortella-tortuosa-Pottiaceae-Bryophyta/10.25227/linbg.24903.full
Tortula inermis,Tortula moss,(Brid.) Mont.,2,y,,,,
Tortula leucostoma,Moss,(R. Br.) Hook. & Grev.,3,y,,,,
Tortula mucronifolia,Mucronate screw moss,Schwaegr.,2,y,,,,
Tortula protobryoides,Moss,R.H. Zander,2,y,,,,
Trematodon asanoi,Boas' trematodon moss,Tuzibe,2,y,,,,
Trichostomum crispulum,Curly crisp moss,Bruch in F. Muell.,2,y,,,,
Trichostomum tenuirostre var. tenuirostre,Moss,(Hook. & Tayl.) Lindb.,2,y,Chionoloma tenuirostre,n,2022 checklist uses T. tenuirostre tenuirostre,"Full article: An annotated checklist of bryophytes of Europe, Macaronesia and Cyprus"
Triquetrella californica,California triquetrella moss,(Lesq.) Grout,1,y,,,,
Weissia ligulifolia,Moss,(E.B. Bartram) Grout,3,y,,,,
Anaptychia crinalis,Hanging fringe lichen,(Schaerer) Vezda,3,y,,,,
Bryoria bicolor,Electrified horsehair lichen,(Ehrh.) Brodo & D. Hawksw.,2,y,,,,
Bryoria tenuis,Lichen,(E. Dahl) Brodo & D. Hawksw.,2,y,,,,
Buellia oidalea,Lichen,(Nyl.) Tuck.,3,y,,,,
Calicium abietinum,Lichen,Pers.,4,y,,,,
Calicium adspersum,Lichen,Pers.,2,y,,,,
Calicium pinastri,Lichen,Tibell,2,y,,,,
Calicium quercinum,Lichen,Pers.,3,y,,,,
Cetraria subalpina,Arboreal wrinkle lichen,Imshaug,3,y,Tuckermannopsis subalpina,y,"ORBIC name changed to Nephromopsis subalpina, current name in Species Fungorum",Cetraria subalpina - Common Macrolichens of the Pacific Northwest
Chaenotheca balsamconensis,Lichen,J.L. Allen &amp; McMullin,3,skip,Chaenotricha obscura,n,"C. obscura is a separate accepted species in Species Fungorum, thus this is a conceept mismatch",https://www.inaturalist.org/taxa/1513236-Chaenotricha-obscura
Chaenotheca cinerea,Lichen,(Pers.) Tibell,3,y,,,,
Chaenothecopsis epithallina,Lichen,Tibell,2,y,,,,
Chaenothecopsis rubescens,Lichen,Vainio,3,y,,,,
Chaenothecopsis vainioana,Lichen,(Nádv.) Tibell,3,y,,,,
Circinaria rogeri,Lichen,(Sohrabi) Sohrabi,3,y,,,,
Cladidium bolanderi,Lichen,(Tuck.) B. D. Ryan,2,y,,,,
Cladonia concinna,High-rise pixie lichen,Ahti & Goward,3,y,,,,
Cladonia poroscypha,Lichen,S. Hammer,3,y,,,,
Cladonia prolifica,Phantom pixie-cup lichen,Ahti & S. Hammer,3,y,,,,
Collema curtisporum,Lichen,Degel.,3,y,,,,
Dermatocarpon polyphyllizum,Lichen,(Nyl.) Blomb. & Forssell,3,y,,,,
Ephebe solida,Rockshag lichen,Bornet,3,y,,,,
Evernia divaricata,Lichen,(L.) Ach.,2,y,,,,
Fuscopannaria laceratula,Torn shingles lichen,(Hue) P. M. Jorg.,3,y,Steineropsis laceratula,y,accepted in Species Fungorum,https://www.speciesfungorum.org/Names/SynSpecies.asp?RecordID=830128
Gyalolechia stantonii,Lichen,"(W.A. Weber ex Arup) Søchting, Frödén &amp; Arup",3,y,,,,
Heterodermia japonica,Lichen,(Sato) Swinscow & Krog,2,y,,,,
Heterodermia sitchensis,Seaside centipede lichen,Goward & Noble,2,y,,,,
Heterodermia speciosa,Powdered fringe lichen,(Wulfen) Trevisan,3,y,,,,
Hypogymnia pulverata,Tube lichen,(Nyl. ex Crombie) Elix,2,y,,,,
Hypogymnia subphysodes,Lichen,(Kremp.) Filson,2,y,,,,
Hypotrachyna revoluta,Powdered loop lichen,(Flörke) Hale,4,y,,,,
Hypotrachyna riparia,Lichen,McCune,1,y,,,,
Lathagrium undulatum,Granular jelly flakes lichen,"(Flotow) Otálora, P.M. Jørg. &amp; Wedin",3,y,,,,
Lecanora caesiorubella ssp. merrillii,Lichen,Ach.,3,y,,,,
Leioderma sorediatum,Treepelt lichen,D. Galloway & P. Jørg.,2,y,,,,
Lempholemma cladodes,Lichen,(Tuck.) Zahlbr.,3,y,,,,
Leptogium compactum,Lichen,"D. F. Stone, F. L. Anderson &amp; J. W. Hinds",2,y,,,,
Leptogium cyanescens,Blue jellyskin,(Rabenh.) Körber,2,y,,,,
Leptogium umpquaense,Lichen,D.F. Stone & McCune,3,y,,,added taxon to iNaturalist,
Letharia gracilis,Lichen,Kroken ex McCune &amp; Altermann,3,y,,,,
Lobaria linita,Cabbage lung lichen,(Ach.) Rabenh.,2,y,,,,
Melanelia commixta,Intermingled camouflage lichen,(Nyl.) Thell,3,y,Cetrariella commixta,n,Melanelia commixta is current Species Fungorum name,https://www.speciesfungorum.org/Names/SynSpecies.asp?RecordID=413440
Melaspilea interjecta,Lichen,(Leighton) A.L. Sm.,3,y,,,,
Microcalicium arenarium,Sandwort microcalicium lichen,(Hampe ex Massal.) Tibell,2,y,,,,
Nephroma occultum,Cryptic paw lichen,Wetm.,4,y,,,,
Niebla cephalota,Powdery fog lichen,(Tuck.) Rundel & Bowler,2,y,,,,
Ochrolechia subplicans ssp. subplicans,Lichen,(Nyl.) Brodo,3,y,,,,
Pannaria oregonensis,Lichen,McCune & M. Schultz,1,y,,,,
Peltigera cinnamomea,Cinnamon pelt lichen,Goward,3,y,,,,
Peltigera hymenina,Cloudy pelt lichen,(Ach.) Delise,3,y,,,,
Peltula euploca,Powdery rock-olive,(Ach.) Poelt,3,y,,,,
Pertusaria californica,Lichen,Dibben,3,y,,,,
Pilophorus nigricaulis,Charred matchstick lichen,Sato,2,y,,,,
Pseudocyphellaria hawaiiensis,Gilded specklebelly lichen,H. Magn.,3,y,,,,
Pseudocyphellaria mallota,Lichen,(Tuckerman) H. Magnusson,2,y,,,,
Pseudocyphellaria rainierensis,Oldgrowth specklebelly lichen,Imshaug,4,y,,,,
Pyrrhospora quernea,Lichen,(Dickson) Körber,4,y,,,,
Ramalina intermedia,Intermediate cartilage lichen,(Del. ex Nyl.) Nyl.,3,y,,,,
Ramalina labiosorediata,Powdery twig lichen,"Gasparyan, Sipman &amp; Lücking",2,y,,,,
Schaereria dolodes,Lichen,(Nyl.) Schmull & T. Sprib.,3,y,,,,
Sclerophora amabilis,Lichen,(Tibell) Tibell,3,y,,,,
Sclerophora peronella,Frosted glass-whiskers lichen,(Ach.) Tibell,3,y,,,,
Scytinium platynum,Batwing vinyl lichen,"(Tuck.) Otálora, P.M. Jørg. &amp; Wedin",3,y,,,,
Scytinium plicatile,Starfish jellyskin lichen,"(Ach.) Otálora, P.M. Jørg. &amp; Wedin",3,y,,,,
Scytinium quadrifidum,Lichen,(D.F. Stone & McCune) A. Kosuth. & Wedin,3,y,,,added to iNaturalist (and resolved flag by Nora),
Scytinium siskiyouensis,Siskiyou jellyskin lichen,"(D.F. Stone &amp; Ruchty) Otálora, P.M. Jørg. &amp; Wedin",1,y,Scytinium siskiyouense,y,"updated name, matches Species Fungorum",
Sigridea californica,Lichen,(Tuck.) Tehler,3,y,,,,
Sinuicella denisonii,Lichen,"D.F. Stone, McCune &amp; Miadl.",3,y,,,added to iNaturalist,
Solorina spongiosa,Fringed chocolate chip lichen,(Ach.) Anzi,2,y,Pseudosolorina spongiosa,n,Soloria spongiosa is current Species Fungorum name,"https://www.mdpi.com/2309-608X/11/3/169
https://www.speciesfungorum.org/Names/SynSpecies.asp?RecordID=405281"
Stereocaulon spathuliferum,Chalk foam lichen,Vainio,2,y,,,,
Sticta arctica,Arctic moon lichen,Degel.,2,y,,,,
Sticta sp. 1,"Lichen (what has been known as ""Sticta weigelii"" in North Am)",,4,y,Sticta weigelii,n,Added species as it has been referred. will need to update iNat project when/if a new name is applied,
Sticta torii,Lichen,Simon &amp; Goward,3,y,,,,
Sulcaria badia,Lichen,Brodo & D. Hawksw.,1,y,,,,
Sulcaria spiralifera,Lichen,"(Brodo &amp; D. Hawksw.) Myllys, Velmala &amp; Goward",4,y,,,,
Teloschistes flavicans,Golden-hair lichen,(Swartz) Norman,2,y,,,,
Texosporium sancti-jacobi,Woven-spored lichen,(Tuck.) Nadv.,2,y,,,,
Thelenella muscorum var. octospora,Lichen,(Fr.) Vain.,3,y,Chromatochlamys muscorum octospora,n,"Species Fungorum accepts Thelenella muscorum, var. octospora not recognized. will leave as-is for now",https://www.speciesfungorum.org/Names/SynSpecies.asp?RecordID=406923
Thelomma mammosum,Lichen,(Hepp) A. Massal.,3,y,,,,
Tholurna dissimilis,Arboreal urn lichen,(Norman) Norman,2,y,,,,
Umbilicaria hirsuta,Granulating rocktripe lichen,(Sw. ex Westr.) Hoffm.,3,y,,,,
Umbilicaria nodulospora,Lichen,"McCune, Di Meglio &amp; M.J. Curtis",3,y,,,,
Umbilicaria phaea var. coccinea,Lichen,Tuck.,4,y,,,,
Umbilicaria proboscidea,Greater salted rocktripe lichen,(L.) Schrader,3,y,,,,
Umbilicaria rigida,Roughened rocktripe lichen,(Du Rietz) Frey,3,y,,,,
Usnea ceratina,Warty beard lichen,Ach.,3,y,,,,
Usnea lambii,Lichen,(Imshaug) Wirtz & Lumbsch,3,y,,,,
Usnea nidulans,Nested beard lichen,Motyka,2,y,,,,
Usnea rubicunda,Red beard lichen,Stirton,3,y,,,,
Usnea subgracilis,Beard lichen,Vainio,4,y,,,,
Vezdaea stipitata,Lichen,Poelt & Dobbeler,3,y,,,,
Albatrellus avellaneus,Fungus,Pouzar,1,y,,,,
Albatrellus dispansus,Fungus,(Lloyd) Canf. & Gilb.,3,y,Polypus dispansus,y,Species Fungorum accepted name,"Taxonomic Changes Taxon: Polypus dispansus (Active)"" · iNaturalist
https://www.speciesfungorum.org/Names/GSDSpecies.asp?RecordID=511174"
Albatrellus skamanius,Fungus,(Murrill) Pouzar,3,y,Xeroceps skamania,y,Species Fungorum accepted name,"https://www.speciesfungorum.org/Names/GSDSpecies.asp?RecordID=511182
https://www.inaturalist.org/taxon_changes?taxon_id=1150982"
Aleurodiscus farlowii,Fungus,Burt,3,y,,,,
Amanita armillariiformis,Fungus,Trueblood & D.T. Jenkins,3,y,Saproamanita armillariiformis,y,Species Fungorum accepted name,"https://www.speciesfungorum.org/Names/GSDSpecies.asp?RecordID=816354
https://imafungus.biomedcentral.com/articles/10.5598/imafungus.2016.07.01.07"
Amanita novinupta,New bride blusher,Tullosss & Lindgr.,2,y,,,,
Amanita prairiicola,Fungus,Peck,3,y,Saproamanita prairiicola,y,Species Fungorum accepted name,"https://www.speciesfungorum.org/Names/GSDSpecies.asp?RecordID=816360
https://imafungus.biomedcentral.com/articles/10.5598/imafungus.2016.07.01.07"
Amogaster viridigleba,Fungus,Castellano,1,y,Lepiota viridigleba,y,Species Fungorum accepted name,https://www.speciesfungorum.org/Names/GSDSpecies.asp?RecordID=800493
Arrhenia lobata,Fungus,(Pers.) Kühner & Lamoure ex Redhead,3,y,,,,
Asterophora lycoperdoides,Powdery piggyback mushroom,(Bull.) Ditmar,3,y,,,,
Asterophora parasitica,Silky piggyback mushroom,(Bull.) Singer,3,y,,,,
Baeospora myriadophylla,Lavender Baeospora,(Peck) Singer,3,y,,,,
Balsamia alba,Fungus,Harkn.,1,y,,,,
Balsamia cascadensis,Fungus,"D. Southw., J.L. Frank &amp; Castellano",3,y,,,added taxon to iNaturalist,
Balsamia lazyana,Fungus,"Trappe, D. Southw. &amp; Amaranthus",3,y,,,added taxon to iNaturalist,
Balsamia nigrans,Fungus,Harkn.,3,y,,,,
Balsamia platyspora,Fungus,Berk.,3,y,,,,
Balsamia quercicola,Fungus,"D. Southw., M.E. Smith &amp; J.L. Frank",3,y,,,,
Balsamia setchellii,Fungus,"(E. Fisch.) Trappe, D. Southw. &amp; Castellano",3,y,,,,
Brauniellula albipes,Fungus,(Zeller) A.H. Sm. & Singer,3,y,Chroogomphus albipes,y,Species Fungorum accepted name,https://www.speciesfungorum.org/Names/GSDSpecies.asp?RecordID=512129
Bridgeoporus nobilissimus,Giant polypore fungus,"Burdsall, Volk, &amp; Ammirati",3,y,,,,
Bryoglossum gracile,Fungus,(P. Karst.) Redhead,2,y,,,,
Butyriboletus autumniregius,Red-capped butter bolete,D. Arora &amp; J.L. Frank,2,y,,,,
Butyriboletus primiregius,Spring butter bolete,D. Arora &amp; J.L. Frank,3,y,,,,
Butyriboletus querciregius,Fungus,D. Arora &amp; J.L. Frank,3,y,,,,
Catathelasma ventricosum,Fungus,(Peck) Singer,3,y,,,,
Catinella olivacea,Fungus,(Batsch) Boud.,3,y,,,,
Cazia flexiascus,Fungus,Trappe,3,y,,,,
Chamonixia caespitosa,Fungus,Rolland,2,y,,,,
Chloroscypha flavida,Fungus,(Kanouse &amp; A.H. Sm.) Baral,3,y,,,,
Choiromyces alveolatus,Fungus,(Harkn.) Trappe,3,y,,,,
Choiromyces venosus,Fungus,(Fr.) Th. Fr.,2,y,,,,
Chroogomphus loculatus,Fungus,Miller & Trappe,3,y,,,,
Chrysomphalina grossula,Fungus,"(Pers.) Norvell, Redhead, Ammirati",3,y,,,,
Clavariadelphus subfastigiatus,Fungus,V.L. Wells & Kempton,3,y,,,,
Clavicorona taxophila,Fungus,(Thom) Doty,3,y,,,,
Clavulina castaneipes var. lignicola,Fungus,(G.F. Atk.) Corner,3,y,,,,
Clavulinopsis fusiformis,Golden spindles,(Sow.:Fr.),3,y,,,,
Climacocystis borealis,Fungus,(Fr.) Kotl. & Pouzar,3,y,,,,
Clitocybe senilis,Fungus,(Fr.) Gillet,3,y,,,,
Clitocybe subditopoda,Fungus,Peck,3,y,,,,
Conocybe subnuda,Fungus,Kühner,3,y,Conocybe utriformis,y,Conocybe utriformis is Species Fungorum accepted name,
Coprinopsis friesii,Fungus,(Quél.) P. Karst.,3,y,,,,
Cortinarius albofragrans,Fungus,Ammirati &amp; M.M. Moser,2,y,Phlegmacium albofragrans,y,Species Fungorum accepted name,"https://www.speciesfungorum.org/Names/GSDSpecies.asp?RecordID=558890
https://www.inaturalist.org/taxon_changes?taxon_id=1636006"
Cortinarius barlowensis,Fungus,"Ammirati, Berbee, Harrower, Liimatainen &amp; Niskanen",2,y,,,,
Cortinarius boulderensis,Fungus,A.H. Sm.,3,y,,,,
Cortinarius chrysolitus,Fungi,Kauffman,2,y,,,,
Cortinarius citrinifolius,Fungus,A.H. Sm.,3,y,Phlegmacium citrinifolium,y,"Synonyms according to species fungorum, iNat did a big revision to Cortinarius revision in 2022, no reason given for the change","https://www.speciesfungorum.org/Names/GSDSpecies.asp?RecordID=558934
https://www.inaturalist.org/taxon_changes?taxon_id=1636035"
Cortinarius cyanites,Fungus,Fr.,3,y,,,,
Cortinarius davemallochii,Fungus,"Ammirati, Niskanen &amp; Liimat.",3,y,,,,
Cortinarius depauperatus,Fungus,(J.E. Lange) Rob. Henry,3,y,,,,
Cortinarius loringii,Fungus,"Ammirati, Liimat. &amp; Niskanen",3,y,,,,
Cortinarius magnivelatus,Fungus,Dearn. ex Fogel,3,y,,,,
Cortinarius pavelekii,Fungus,"(Trappe, Castellano &amp; P. Rawl.) Peintner &amp; M.M. Moser",1,y,,,,
Cortinarius rumoribrunsi,Fungus,"Bojantchev, Ammirati, Niskanen &amp; Liimat.",3,y,,,,
Cortinarius valgus,Fungus,Fr.,3,y,,,,
Cortinarius variipes,Fungus,Rob. Henry,3,y,,,,
Cortinarius verrucisporus,Fungus,Thiers & A.H. Sm.,3,y,Calonarius verrucisporus,y,Species Fungorum accepted name,
Cortinarius wiebeae,Fungus,Thiers & A.H. Sm.,3,y,,,,
Craterellus atrocinereus,Fungus,D. Arora &amp; J.L. Frank,2,y,,,,
Cudoniella tenuispora,Fungus,(Cooke &amp; Massee) Dennis,3,y,,,,
Cystolepiota bucknallii,Fungus,(Berk. & Broome) Singer & Clémençon,3,y,,,,
Dermocybe humboldtensis,Fungus,(Ammirati & A.H. Sm.) Ammirati,1-ex,y,Cortinarius humboldtensis,y,Species Fungorum accepted name,https://www.speciesfungorum.org/Names/GSDSpecies.asp?RecordID=311978
Destuntzia fusca,Fungus,Fogel & Trappe,2-ex,y,Kjeldsenia fusca,n,Destuntzia fusca is Species Fungorum accepted name,https://www.tandfonline.com/doi/full/10.1080/00275514.2023.2259786
Destuntzia rubra,Fungus,(Harkn.) Fogel & Trappe,2-ex,y,,,,
Elaphomyces anthracinus,Fungus,Vittad.,3,y,,,,
Elaphomyces asperulus,Fungus,Vittad.,3,y,,,,
Elaphomyces decipiens,Fungus,Vittad.,4,y,,,,
Elaphomyces reticulatus,Fungus,Vittad.,3,y,Elaphomyces muricatus,y,Species Fungorum accepted name,https://www.speciesfungorum.org/Names/NamesRecord.asp?RecordID=817240
Elaphomyces subviscidus,Fungus,Trappe & Guzman,3,y,,,,
Endogone oregonensis,Fungus,Gerd. & Trappe,3,y,,,,
Entocybe nitida,Pine pinkgill,"(Quél.) T.J. Baroni, Largent &amp; V. Hofst.",3,y,Entoloma nitidum,n,Entocybe nitida is Species Fungorum accepted name,https://www.ingentaconnect.com/content/wfbi/pimj/2013/00000031/00000001/art00009;jsessionid=3gua3o53m67u5.x-ic-live-03
Entocybe speciosa,Fungus,"(Lennox ex T.J. Baroni) T.J. Baroni, Largent &amp; V. Hofst.",3,y,,,,
Entocybe trachyospora var. vinacea,Fungus,"(Largent) Largent, T.J. Baroni & V. Hofst.",3,y,Entoloma trychyosporum,"n, needs review","Entocybe trachyospora is Species Fungorum accepted name; vars. not recognized. need to review - if only full species is recognized, this is likely too common for our list","https://www.ingentaconnect.com/content/wfbi/pimj/2013/00000031/00000001/art00009;jsessionid=3gua3o53m67u5.x-ic-live-03
https://www.speciesfungorum.org/Names/NamesRecord.asp?RecordID=519987"
Exobasidium parvifolii,Fungus,Hotson,3,y,,,,
Fayodia bisphaerigera,Fungus,(J.E. Lange) Singer,3,y,,,,
Fevansia aurantiaca,Fungus,Trappe & Castellano,3,y,,,,
Fomitopsis officinalis,Fungus,(Vill.) Bondartsev & Singer,,y,Laricifomes officinalis,,"Added to ""future species"" list to discuss at meeting in 3/2026",
Galerina fuscobrunnea,Fungus,A.H. Sm.,1-X,y,,,,
Galerina heterocystis,Fungus (var. B),(G.F. Atk.) A.H. Sm. & Singer,3,y,,,,
Galerina paludosa,Fungus,(Fr.) Kühner,3,y,,,,
Galerina sphagnicola,Fungus,(G.F. Atk.) A.H. Sm. &amp; Singer,3,y,,,,
Galerina sphagnorum,Fungus,(Pers.) Kühner,3,y,,,,
Galerina tibiicystis,Fungus,(G.F. Atk.) Kühner,3,y,,,,
Gamundia leucophylla,Fungus,(Gillet) H.E. Bigelow,3,y,,,,
Gastroboletus imbellus,Fungus,Trappe,1-X,y,,,,
Gastroboletus ruber,Fungus,(Zeller) Cázares & Trappe,4,y,,,,
Gastroboletus vividus,Fungus,Trappe & Castellano,4,y,,,,
Gautieria magnicellaris,Fungus,(Pilát) E.L. Stewart & Trappe,3,skip,Gautieria macrocoilia,n,"Species fungorum recognizes both G. magnicellaris and G. macrocoilia. skip for now, concept mismatch",https://www.ingentaconnect.com/content/wfbi/pimj/2023/00000050/00000001/art00003
Gautieria otthii,Fungus,Trog,3,y,,,,
Gautieria plumbea,Fungus,Zeller &amp; C.W. Dodge,3,y,,,,
Genea compacta,Fungus,Harkn.,3,y,,,,
Geoglossum glabrum,Fungus,Pers.,3,y,,,,
Glomus melanosporum,Fungus,Gerd. &amp; Trappe,3,y,,,,
Glomus pubescens,Fungus,(Sacc. & Ellis) Trappe & Gerd.,2,y,,,,
Glomus radiatum,Fungus,(Thaxt.) Trappe & Gerd.,2,y,,,,
Gymnomyces californicus,Fungus,"(Singer &amp; A.H. Sm.) Trappe, T. Lebel &amp; Castellano",3,y,Russula californica,y,Species Fungorum accepted name,https://www.speciesfungorum.org/Names/GSDSpecies.asp?RecordID=821336
Gymnomyces compactus,Fungus,Singer &amp; A.H. Sm.,3,y,Russula mattsmithii,y,Species Fungorum accepted name,https://www.speciesfungorum.org/Names/GSDSpecies.asp?RecordID=821354
Gymnomyces cremeus,Fungus,"(Zeller &amp; C.W. Dodge) Trappe, T. Lebel &amp; Castellano",3,y,Russula dodgei,y,Species Fungorum accepted name,https://www.speciesfungorum.org/Names/GSDSpecies.asp?RecordID=824950
Gymnomyces foetens,Fungus,"(Singer &amp; A.H. Sm.) Trappe, T. Lebel &amp; Castellano",3,y,Russula taetra,y,Species Fungorum accepted name,https://www.speciesfungorum.org/Names/GSDSpecies.asp?RecordID=821365
Gymnomyces fragrans,Fungus,"(A.H. Sm.) Trappe, T. Lebel & Castellano",1,y,Russula aromatica,y,Species Fungorum accepted name,https://www.speciesfungorum.org/Names/GSDSpecies.asp?RecordID=821366
Gymnomyces gilkeyae,Fungus,"(Zeller &amp; C.W. Dodge) Trappe, T. Lebel &amp; Castellano",3,y,Russula gilkeyae,y,Species Fungorum accepted name,https://www.speciesfungorum.org/Names/GSDSpecies.asp?RecordID=821375
Gymnomyces monosporus,Fungus,E.L. Stewart & Trappe,3,y,Russula stewartii,y,Species Fungorum accepted name,https://www.speciesfungorum.org/Names/GSDSpecies.asp?RecordID=821400
Gymnomyces nondistincta,Fungus,Trappe & Castellano,1,y,Russula nondistincta,y,Species Fungorum accepted name,https://www.speciesfungorum.org/Names/GSDSpecies.asp?RecordID=823207
Gymnomyces parksii,Fungus,Singer &amp; A.H. Sm.,3,y,Russula parksii,y,Species Fungorum accepted name,Species Fungorum - GSD Species
Gymnomyces setigerus,Fungus,"(Zeller) Trappe, T. Lebel &amp; Castellano",3,y,Russula setigera,y,Species Fungorum accepted name,https://www.speciesfungorum.org/Names/GSDSpecies.asp?RecordID=823207
Gyromitra californica,Fungus,(W. Phillips) Rait.,4,y,Pseudorhizina californica,n,Gyromitra californica current Species Fungorum accepted name,https://journals.asm.org/doi/10.1128/spectrum.00207-23
Hebeloma occidentale,Fungus,"A.H. Sm., V.S. Evenson & Mitchel",1-X,y,Hebeloma palustre,n,Hebeloma occidentale current Species Fungorum name,https://www.tandfonline.com/doi/full/10.1080/00275514.2021.2012063
Hebeloma oregonense var. oregonense,Fungus,"A.H. Sm., V.S. Evenson &amp; Mitchel",2-ex,y,Hebeloma paludicola,n,"changed ORBIC name to Hebeloma oregonense, var.s not recognized by Species Fungorum",https://hebeloma.org/species/paludicola
Hebeloma parcivelum,Fungus,"A.H. Sm., V.S. Evenson & Mitchel",1-X,y,,,,
Hebeloma pungens,Fungus,"A.H. Sm., V.S. Evenson & Mitchel",1-X,y,,,,
Helvella crassitunicata,Fungus,N.S. Weber,2,y,Dissingia crassitunicata,y,Species Fungorum accepted name,https://www.ingentaconnect.com/content/wfbi/pimj/2019/00000042/00000001/art00007
Helvella elastica,Flexible helvella,Bull.,3,y,,,,
Hemimycena pseudocrispula,Fungus,(Kuehner) Singer,3,y,,,,
Hydnellum geogenium,Fungus,(Fr.) Banker,3,y,,,,
Hydnotrya inordinata,Fungus,Trappe & Castellano,3,y,,,,
Hydnotrya michaelis,Fungus,(E. Fisch.) Trappe,2,y,,,,
Hydnotrya subnix,Fungus,Trappe & Castellano,3,y,,,,
Hydropus marginellus,Fungus,(Pers.) Singer,2,y,,,,
Hygrocybe minutula,Fungus,(Fr.) P. Kumm.,3,y,,,,
Hygrocybe rainierensis,Fungus,(Hesler &amp; A.H. Sm.) Malloch,3,y,Cuphophyllus rainierensis,y,Species Fungorum accepted name,https://www.speciesfungorum.org/Names/GSDSpecies.asp?RecordID=554321
Hygrocybe virescens,Fungus,(Hesler &amp; A.H. Sm.) Montoya &amp; Bandala,3,y,,,,
Hygrophorus albicarneus,Fungus,Hesler & A.H. Sm.,3,y,,,,
Hygrophorus albiflavus,Fungus,Hesler & A.H. Sm.,2-ex,y,,,,
Hygrophorus goetzii,Fungus,Hesler & Smith,3,y,Hygrophorus goetzei,y,Species Fungorum accepted name,
Hypomyces lateritius,Fungus,(Fr.) Tul. & C. Tul.,3,y,,,,
Hypomyces luteovirens,Yellow green hypomyces,(Fr.) Tul. & C. Tul.,3,y,,,,
Hysterangium velatisporum,Fungus,"Castellano, Cázares, & Guevara",3,y,,,,
Imaia gigantea,Fungus,(S. Imai) Trappe &amp; Kovács,3,y,,,,
Ionomidotis irregularis,Fungus,(Schwein.) E.J. Durand,3,y,Diplocarpus irregularis,y,Species Fungorum accepted name,"Novel lineages of fungicolous Cordieritidaceae (Helotiales, Leotiomycetes) from southwest China | Mycological Progress"
Lactarius crassus,Fungus,(Singer &amp; A.H. Sm.) Pierotti,3,y,,,,
Lactarius lactarioides,Fungus,(Zeller) P.M. Kirk,2,y,,,,
Lactarius silviae,Fungus,Pierotti,3,y,,,,
Lepiota acutesquamosa,Fungus,(Weinm.) P. Kumm.,3,y,Echinoderma asperum,"y, needs review",Species Fungorum accepted name. Broader concept - still rare?,https://www.biotaxa.org/Phytotaxa/article/view/phytotaxa.447.4.1
Lepiota roseolivida,Fungus,Murrill,3,y,Leucoagaricus roseilividus,y,Species Fungorum accepted name,https://www.indexfungorum.org/Names/NamesRecord.asp?RecordID=565517
Leptonia caesiocincta,Fungus,(Kuehner) P.D. Orton,3,y,Entoloma caesiocinctum,y,Species Fungorum accepted name,https://www.speciesfungorum.org/Names/GSDSpecies.asp?RecordID=110636
Leptonia exalbida,Fungus,Largent,3,y,Entoloma exalbidum,y,Species Fungorum accepted name,https://www.ingentaconnect.com/content/wfbi/pimj/2014/00000032/00000001/art00009
Leptonia foliocontusa var. discolor,Fungus,Largent,3,y,,,,
Leptonia occidentalis var. occidentalis,Fungus,Murrill,1,no,Entoloma occidentale,y,,
Leptonia rectangula,Fungus,Largent,3,y,Entoloma rectangulum,y,Species Fungorum accepted name,https://www.speciesfungorum.org/Names/GSDSpecies.asp?RecordID=513755
Leptonia rosea var. marginata,Fungus,Longyear,2-ex,y,Entoloma roseum,y,Species Fungorum accepted name,https://www.speciesfungorum.org/Names/GSDSpecies.asp?RecordID=313812
Leptonia striatula,Fungus,(Hesler) Largent,3,y,Entoloma nigroviolaceum,y,Species Fungorum accepted name,"https://www.inaturalist.org/taxon_changes?taxon_id=627790
https://www.speciesfungorum.org/Names/NamesRecord.asp?RecordID=413385
https://www.speciesfungorum.org/Names/GSDSpecies.asp?RecordID=330531"
Leptonia subeuchroa,Fungus,Kauffman,2-ex,y,Entoloma subeuchroum,y,Species Fungorum accepted name,https://www.speciesfungorum.org/Names/GSDSpecies.asp?RecordID=817510
Leptonia violaceonigra,Fungus,Largent,3,y,Entoloma violaceonigrum,y,Species Fungorum accepted name,https://www.speciesfungorum.org/Names/GSDSpecies.asp?RecordID=513812
Leucogaster candidus,Fungus,(Harkn.) Fogel,3,y,,,,
Leucogaster microsporus,Fungus,Fogel nom. prov.,4,y,,,,
Leucogaster odoratus,Fungus,(Harkn.) Zeller & C.W. Dodge,3,y,,,,
Lindtneria thujatsugina,Fungus,M.J. Larsen,3,y,,,,
Lyophyllum acutipes,Fungus,Clemencon & A.H. Sm.,1-X,y,,,,
Lyophyllum chamaeleon,Fungus,Clemencon & A.H. Sm.,1-X,y,,,,
Lyophyllum conoideospermum,Fungus,Clemencon & A.H. Sm.,1-X,y,,,,
Lyophyllum furfurellum,Fungus,Clemencon & A.H. Sm.,2-ex,y,,,,
Lyophyllum gracile,Fungus,Clemencon & A.H. Sm.,2-ex,y,,,,
Lyophyllum lubricum,Fungus,Clemencon & A.H. Sm.,1-X,y,,,,
Lyophyllum pallidum,Fungus,Clemencon & A.H. Sm.,1-X,y,,,,
Lyophyllum piceum,Fungus,Clemencon & A.H. Sm.,1-X,y,,,,
Lyophyllum solidipes,Fungus,Clemencon & A.H. Sm.,1-X,y,,,,
Macowanites chlorinosmus,Fungus,A.H. Sm. & Trappe,3,y,Russula chlorineolens,y,Species fungorum accepted name,https://www.speciesfungorum.org/Names/GSDSpecies.asp?RecordID=821355
Macowanites mollis,Fungus,Singer & A.H. Sm.,2,y,Russula castellanoi,y,Species fungorum accepted name,https://www.speciesfungorum.org/Names/GSDSpecies.asp?RecordID=821398
Martellia medlockii,Fungus,Trappe & Castellano,1,y,Russula medlockii,y,Species fungorum accepted name,https://www.speciesfungorum.org/Names/GSDSpecies.asp?RecordID=821393
Melanogaster natsii,Fungus,"Y. Wang, K. Tao &amp; B. Liu",3,y,,,,
Modicella malleola,Fungus,(Harkn.) Gerd. & Trappe,3,y,,,,
Muscinupta laevis,Fungus,"(Fr.) Redhead, Lücking &amp; Lawrey",3,y,,,,
Mycena gaultheri,Fungus,A.H. Sm.,3,y,,,,
Mycena hudsoniana,Fungus,A.H. Sm.,3,y,,,,
Mycena megaspora,Fungus,Kauffman,3,y,,,,
Mycena quiniaultensis,Fungus,Kauffman,3,y,,,,
Mycena tenax,Fungus,A.H. Sm.,3,y,,,,
Mycetinis applanatipes,Fungus,(Desjardin) A.W. Wilson &amp; Desjardin,3,y,,,,
Myriosclerotinia caricis-ampullaceae,Fungus,(Nyberg) N.F. Buchw.,3,y,,,,
Mythicomyces corneipes,Fungus,(Fr.) Redhead & A.H. Sm.,2,y,,,,
Nemania serpens var. hydnicola,Fungus,(Pers.) Gray,3,y,,,,
Neoalbatrellus caeruleoporus,Fungus,(Peck) Audet,3,y,,,,
Neolentinus adhaerens,Sticky sawgill,(Alb. &amp; Schwein.) Redhead &amp; Ginns,3,y,,,,
Nolanea edulis var. concentrica,Fungus,(Peck) Largent,3,y,,,,
Nolanea verna var. isodiametrica,Fungus,(S. Lundell) Kotl. & Pouzar,3,y,Entoloma vernum,"y, needs review","Species fungorum accepted name. broader concept, likely should drop from list as too common.",https://www.speciesfungorum.org/Names/NamesRecord.asp?RecordID=413620
Octaviania cyanescens,Fungus,Trappe & Castellano,1,y,,,,
Octaviania macrospora,Fungus,Singer & A.H. Smith,1-X,y,,,,
Omphalina isabellina,Fungus,A.H. Sm. & D.E. Stuntz,3,no,Not in iNaturalist,needs review,"iNat may believe this is extinct? should check ID for our one site and maybe move to SH, 1-ex",
Otidea smithii,Fungus,Kanouse,2,y,,,,
Peziza limnaea,Fungus,Maas Geest.,3,y,Legaliana limnaea,y,Species fungorum accepted name,https://ascomycete.org/Journal/Article/art-0305
Pezoloma ciliifera,Fungus,(P. Karst.) Korf,3,y,Pezoloma ciliiferum,y,Species fungorum accepted name,https://www.indexfungorum.org/Names/NamesRecord.asp?RecordID=636401
Phaeoclavulina abietina,Green-staining coral mushroom,(Pers.) Giachini,2,y,,,,
Phaeocollybia dissiliens,Fungus,A.H. Sm. & Trappe,1,y,,,,
Phaeocollybia gregaria,Fungus,A.H. Sm. & Trappe,1,y,,,,
Phaeocollybia lilacifolia,Fungus,A.H. Sm.,3,y,,,,
Phaeocollybia olivacea,Fungus,A.H. Sm.,3,y,,,,
Phaeocollybia oregonensis,Fungus,A.H. Sm. & Trappe,1,y,,,,
Phaeocollybia pseudofestiva,Fungus,A.H. Sm.,3,y,,,,
Phaeocollybia radicata,Fungus,(Murrill) Singer,3,y,,,,
Polyozellus atrolazulinus,Fungus,Trudell &amp; Kõljalg,3,y,,,,
Polyozellus marymargaretae,Fungus,Beug &amp; I. Saar,3,y,,,,
Psathyrella aquatica,Fungus,"J.L. Frank, Coffan, & South-worth",3,y,,,,
Psathyrella gruberi,Fungus,A.H. Sm.,1-X,y,,,,
Psathyrella oregonensis,Fungus,A.H. Sm.,1-X,y,,,,
Psathyrella quercicola,Fungus,A.H. Sm.,1-X,y,,,,
Psathyrella subcaespitosa,Fungus,A.H. Sm.,1-X,y,,,,
Psathyrella wapinitaensis,Fungus,Kempton & A.H. Sm.,2-ex,y,,,,
Pseudaleuria quinaultiana,Fungus,Lusk,3,y,,,,
Radiigera bushnellii,Fungus,L.S. Domingues & Castellano,3,y,Geastrum bushnelli,y,Species fungorum accepted name,https://www.speciesfungorum.org/Names/GSDSpecies.asp?RecordID=550135
Ramaria amyloidea,Fungus,Marr & Stuntz,3,y,,,,
Ramaria aurantiisiccescens,Fungus,Marr & Stuntz,4,y,,,,
Ramaria botrytis var. aurantiiramosa,Fungus,(Pers.) Ricken,1,y,,,,
Ramaria conjunctipes var. sparsiramosa,Fungus,(Coker) Corner,4,y,,,,
Ramaria coulterae,Fungus,Scates,3,y,,,,
Ramaria gelatiniaurantia,Fungus,Marr & Stuntz,3,y,,,,
Ramaria gracilis,Fungus,(Pers. ex Fries) Quelet,2,y,,,,
Ramaria hilaris var. olympiana,Fungus,R.H. Petersen &amp; M. Zang,3,y,,,,
Ramaria largentii,Fungus,Marr & Stuntz,3,y,,,,
Ramaria maculatipes,Fungus,Marr & Stuntz,3,y,,,,
Ramaria purpurissima,Fungus,R.H. Petersen & Scates,3,y,,,,
Ramaria rainierensis,Fungus,Marr & Stuntz,1,y,,,,
Ramaria rubella var. blanda,Fungus (forma blanda),(Schaeff.) R.H. Petersen,2,y,,,,
Ramaria rubribrunnescens,Fungus,Marr & Stuntz,3,y,,,,
Ramaria spinulosa var. diminutiva,Fungus,(Pers.) Quel.,1,y,,,,
Ramaria stricta var. concolor,Fungus,(Pers.) Quél.,3,y,,,,
Ramaria suecica,Fungus,(Fr.) Donk,3,y,,,,
Ramaria synaptopoda,Fungus,Marr & D.E. Stuntz,2,y,,,,
Ramaria thiersii,Fungus,R.H. Petersen & Scates,3,y,,,,
Ramaria tsugina,Fungus,(Peck) Marr &amp; D.E. Stuntz,3,y,,,,
Resinomycena saccharifera,Fungus,(Berk. & Broome) Redhead,3,y,,,,
Rhizopogon alexsmithii,Fungus,(Trappe) Vizzini & Zotti,1,y,,,,
Rhizopogon bacillisporus,Fungus,A.H. Sm.,4,y,,,,
Rhizopogon brunneifibrillosus,Fungus,A.H. Sm.,2,y,,,,
Rhizopogon brunneiniger,Fungus,A.H. Sm.,3,y,,,,
Rhizopogon chamaleontinus,Fungus,K.A. Harrison & A.H. Sm.,1,y,,,,
Rhizopogon clavitisporus,Fungus,A.H. Sm.,4,y,,,,
Rhizopogon colossus var. nigromaculatus,Fungus,A.H. Sm.,3,y,Rhizopogon villosulus,"n, needs review","Species fungorum accepted name is R. villosulus. Loring suggested adding var. nigromaculatus to our list in 2022. If we accept the Species Fungorum concept, this looks likely too common in OR. NatureServe flags the var. as nonstandard, accepts R. villosulus.",https://www.speciesfungorum.org/Names/NamesRecord.asp?RecordID=350259
Rhizopogon ellipsosporus,Fungus,"Trappe, Castellano & Amar.",1,y,,,,
Rhizopogon evadens var. subalpinus,Fungus,A.H. Sm.,3,y,,,,
Rhizopogon exiguus,Fungus,Zeller,2,y,,,,
Rhizopogon flavofibrillosus,Fungus,A.H. Sm.,3,y,,,,
Rhizopogon hysterangioides,Fungus,A.H. Sm.,3,y,,,,
Rhizopogon inquinatus,Fungus,A.H. Sm.,1,y,,,,
Rhizopogon masoniae,Fungus,A.H. Sm.,1,y,,,,
Rhizopogon molallaensis,Fungus,A.H. Sm.,3,y,,,,
Rhizopogon olivaceofuscus,Fungus,A.H. Sm.,3,y,,,added taxon to iNaturalist,
Rhizopogon olivaceotinctus,Fungus,A.H. Sm.,1,y,Alpova olivaceotinctus,n,R. olivaceotinctus is Species Fungorum accepted name,https://www.speciesfungorum.org/Names/NamesRecord.asp?RecordID=308491
Rhizopogon oregonensis,Fungus,A.H. Sm.,1,y,,,,
Rhizopogon oswaldii,Fungus,A.H. Sm.,2-ex,y,,,,
Rhizopogon quercicola,Fungus,A.H. Sm.,2-ex,y,,,,
Rhizopogon rogersii,Fungus,A.H. Sm.,3,y,,,,
Rhizopogon semireticulatus,Fungus,A.H. Sm.,3,y,,,,
Rhizopogon semitectus,Fungus,A.H. Sm.,1,y,,,,
Rhizopogon subcinnamomeus,Fungus,A.H. Sm.,1,y,,,,
Rhizopogon subclavitisporus,Fungus,A.H. Sm.,1,y,,,,
Rhizopogon subradicatus,Fungus,A.H. Sm.,2-ex,y,,,,
Rhizopogon truncatus,Fungus,Linder,4,y,,,,
Rhizopogon variabilisporus,Fungus,A.H. Sm.,2,y,,,,
Rickenella swartzii,Fungus,(Fr.) Kuyper,3,y,,,,
Rubroboletus haematinus,Fungus,(Halling) D. Arora &amp; J.L. Frank,3,y,,,,
Rubroboletus pulcherrimus,Red-pored bolete,"(Thiers &amp; Halling) D. Arora, N. Siegel &amp; J.L. Frank",3,y,,,,
Russula idahoensis,Fungus,(Singer &amp; A.H. Sm.) Trappe &amp; T.F. Elliott,1,y,,,,
Russula mustelina,Fungus,Fr.,3,y,,,,
Sarcodon fuscoindicus,Violet hedgehog,(K.A. Harrison) Maas Geest.,2,y,Hydnellum fuscoindicum,y,Species Fungorum accepted name,https://www.speciesfungorum.org/Names/NamesRecord.asp?RecordID=313311
Sclerotinia veratri,Fungus,E.K. Cash & R.W. Davidson,3,y,,,,
Scutiger ellisii,Greening goat's foot,(Berk.) Murrill,4,y,,,,
Sedecula pulvinata,Fungus,Zeller,3,y,,,,
Sowerbyella rhenana,Stalked orange peel fungus,(Fuckel) J. Moravec,3,y,,,,
Squamanita paradoxa,Fungus,(A.H. Sm. & Singer) Bas,2-ex,y,Dissoderma paradoxum,n,S. paradoxa is Species Fungorum accepted name,https://www.tandfonline.com/doi/full/10.1080/00275514.2022.2059639
Stagnicola perplexa,Fungus,(P.D. Orton) Redhead & A.H. Sm.,2,y,,,,
Stephensia bynumii,Fungus,"Trappe, Bushnell & Castellano",3,y,Paurocotylis bynumii,"y, needs review",Species Fungorum accepted name. If S1 is correct should move to List 1,"https://www.sciencedirect.com/science/article/abs/pii/S1878614617300016?via%3Dihub
https://www.speciesfungorum.org/Names/GSDSpecies.asp?RecordID=814822"
Stropharia albivelata,Fungus,(Murrill) Norvell & Redhead,3,y,,,,
Tolypocladium ophioglossoides,Golden thread cordyceps,"(J.F. Gmel.) Qu&t, Kepler & Spatafora",3,y,,,,
Trichoderma alutaceum,Fungus,Jaklitsch,3,y,,,,
Tricholoma arvernense,Fungus,Bon,3,y,,,,
Tricholoma venenatum,Fungus,G.F. Atk.,3,y,,,,
Tricholomopsis fulvescens,Fungus,A.H. Sm.,1-X,y,,,,
Tuber asa,Fungus,Tulasne & Tulasne,1,y,,,,
Tuber gardneri,Fungus,Gilkey,3,y,,,,
Tuber pacificum,Fungus,"Trappe, Castellano & Bushnell",1,y,,,,
Tuber quercicola,Fungus,"J.L. Frank, Southworth, & Trappe",3,y,,,,
Tuber sp. 1,"Fungus (""Tuber luomai"")",,3,y,Tuber luomae,y,"Species Fungorum accepted name, published per Eberhart et al. 2020",
Tuber whetstonense,Fungus,"J.L. Frank, Southworth & Trappe",1,y,,,,
Urnula craterium,Fungus,(Schwein.:Fr.) Fr.,2-ex,y,,,,
Vibrissea filisporia,Fungus,(Bonord.) Korf &amp; A. Sánchez,3,y,,,,
Vibrissea truncorum,Fungus,Albertini & Schwein.:Fr.,3,y,,,,